id,type,question,question_original,query_logic,gold,acceptable_answers,answer_limit,evaluation_mode,question_noise_level,noise_type,question_pattern,vector_pred,json_rag_pred,text_to_pandas_pred,text_to_pandas_plan,text_to_pandas_status,rdf_pred,rdf_status,xlsx_pred,xlsx_status
MH01,MultiHop,NIPA가 시행기관인 사업들의 소관기관을 최대 3개까지 알려줘.,정보통신산업진흥원이 시행기관인 사업들의 소관기관 3개까지 나열하시오.,사업시행주체_목록 contains {'정보통신산업진흥원'} -> unique 소관 list up to 3,과학기술 정보통신부,과학기술 정보통신부,1,exact_set,L1_strict,abbreviation,agency_ministry_relation,과학기술정보통신부,과학기술정보통신부,과학기술 정보통신부,"{""filter_conditions"": [{""column"": ""사업시행주체_목록"", ""operator"": ""contains"", ""value"": ""NIPA""}], ""group_by"": [""소관""], ""aggregation"": null, ""sort_by"": {""column"": ""소관"", ""ascending"": true}, ""limit"": 3, ""return_columns"": [""소관""]}",ok,과학기술 정보통신부,ok,과학기술 정보통신부,ok
MH02,MultiHop,NIA가 시행기관으로 있는 사업들이 포함된 단위사업명을 최대 3개까지 알려줘.,한국지능정보사회진흥원이 시행기관인 사업들이 속한 단위사업명 3개까지 나열하시오.,사업시행주체_목록 contains {'한국지능정보사회진흥원'} -> unique 단위사업명 list up to 3,AI경쟁력강화 | 스마트화산업기반확충(일반) | 콘텐츠디바이스기술개발 (일반),AI경쟁력강화 | 스마트화산업기반확충(일반) | 콘텐츠디바이스기술개발 (일반) | ICT산업기반확충 | 데이터산업경쟁력강화 | 단위사업명 | AI경쟁력강화(일반) | 생산적정보문화조성 | 네트워크기반조성(일반) | 데이터산업경쟁력강화(일반) | 스마트화산업기반확충 | 데이터산업경쟁력강화(정진) | 데이터산업경쟁력강화(방발) | AI기술개발 | SW융합인력양성 | 공공서비스신기술적용촉진 (정보화) | AI기술개발(지특) | AI경쟁력강화(방발) | 공공데이터 개방 및 이용활성화 지원(정보화) | 정보자원관리지원기반확충 | 정보자원관리기반확충,3,any_3_from_candidate_set,L1_strict,abbreviation,agency_ministry_relation,국가지식정보 연계 및 활용 촉진(정보화),스마트화산업기반확충(일반),AI경쟁력강화 | 스마트화산업기반확충(일반) | ICT산업기반확충,"{""filter_conditions"": [{""column"": ""사업시행주체_목록"", ""operator"": ""contains"", ""value"": ""NIA""}], ""group_by"": null, ""aggregation"": null, ""sort_by"": null, ""limit"": 3, ""return_columns"": [""단위사업명""]}",ok,AI경쟁력강화 | 스마트화산업기반확충 일반 | ICT산업기반확충,ok,AI경쟁력강화 | 스마트화산업기반확충(일반) | ICT산업기반확충,ok
MH03,MultiHop,한국산업은행이 시행하는 사업들의 소관기관과 지원형태를 각각 알려줘.,한국산업은행이 시행기관인 사업들의 소관기관과 지원형태를 나열하시오.,"사업시행주체_목록 contains {'한국산업은행'} -> unique (소관, 지원형태_목록) pair list",과학기술 정보통신부 출자 | 금융위원회 출자,과학기술 정보통신부 출자 | 금융위원회 출자,2,exact_set,L1_strict,surface_rewrite,support_type_filter,알 수 없음,금융위원회 | 과학기술정보통신부 | 출자 | 출자,알 수 없음,"{""filter_conditions"": [{""column"": ""사업시행주체_목록"", ""operator"": ""contains"", ""value"": ""한국산업은행""}], ""group_by"": null, ""aggregation"": null, ""sort_by"": null, ""limit"": null, ""return_columns"": [""문서_소관기관"", ""지원형태_목록""]}",ok,"(과학기술 정보통신부, 출자) | (금융위원회, 출자)",ok_patch,"(과학기술 정보통신부, 출자) | (금융위원회, 출자)",ok_patch
MH04,MultiHop,한국에너지공단이 진행하는 사업들은 어떤 분야에 속하나요?,한국에너지공단이 시행하는 사업의 분야명은?,사업시행주체_목록 contains {'한국에너지공단'} -> unique 분야명 list,산업·중소기업 및 에너지,산업·중소기업 및 에너지,1,exact_set,L1_strict,colloquial,field_sector_reverse,산업·중소기업 및 에너지 / 부문: 에너지 및 자원개발,알 수 없음,알 수 없음,"{""filter_conditions"": [{""column"": ""실국(기관)"", ""operator"": ""contains"", ""value"": ""한국에너지공단""}], ""group_by"": [""분야명""], ""aggregation"": null, ""sort_by"": null, ""limit"": null, ""return_columns"": [""분야명""]}",ok,산업 중소기업 및 에너지,ok,산업·중소기업 및 에너지,ok
MH05,MultiHop,2026년에 정보통신기획평가원이 시행하는 사업들의 예산 총액은 얼마인가요?,정보통신기획평가원이 시행기관인 사업들의 2026년 예산 합계는?,사업시행주체_목록 contains {'정보통신기획평가원'} -> 2026예산 sum,1319012백만원,1319012백만원,1,exact_value,L1_strict,colloquial,agency_ministry_relation,44426.0 백만원,4500백만원,1303449.78,"{""filter_conditions"": [{""column"": ""사업시행주체_목록"", ""operator"": ""contains"", ""value"": ""정보통신기획평가원""}], ""group_by"": null, ""aggregation"": ""sum"", ""sort_by"": null, ""limit"": null, ""return_columns"": [""사업규모_2026(백만원)""]}",ok,1319012백만원,ok,1341298백만원,ok
MH06,MultiHop,중소기업기술정보진흥원이 진행하는 내역사업들은 어떤 기관의 소관인가요?,중소기업기술정보진흥원이 시행하는 내역사업들의 소관기관은?,사업시행주체_목록 contains {'중소기업기술정보진흥원'} -> unique 소관 list,중소벤처기업부,중소벤처기업부,1,exact_set,L1_strict,colloquial,agency_ministry_relation,중소벤처기업부,중소벤처기업부,중소벤처기업부 | 중소벤처기업 부,"{""filter_conditions"": [{""column"": ""사업시행주체_목록"", ""operator"": ""contains"", ""value"": ""중소기업기술정보진흥원""}], ""group_by"": [""소관""], ""aggregation"": null, ""sort_by"": null, ""limit"": null, ""return_columns"": [""소관""]}",ok,중소벤처기업부,ok,중소벤처기업부,ok
MH07,MultiHop,해양경찰청에서 관할하는 사업을 시행하는 기관은 어디인가요?,해양경찰청 소관 사업의 시행기관은?,소관={'해양경찰청'} -> unique 사업시행주체_목록 list,미정 | 해양수산과학기술진흥원 | 해양경찰청,미정 | 해양수산과학기술진흥원 | 해양경찰청,3,exact_set,L1_strict,colloquial,agency_ministry_relation,해양경찰청 | 해양수산과학기술진흥원 | 알 수 없음,해양수산과학기술진흥원 | 해양경찰청 | 미정,미정 | 해양수산과학기술진흥원 | 해양경찰청,"{""filter_conditions"": [{""column"": ""문서_소관기관"", ""operator"": ""=="", ""value"": ""해양경찰청""}], ""group_by"": [""사업시행주체_목록""], ""aggregation"": null, ""sort_by"": null, ""limit"": null, ""return_columns"": [""사업시행주체_목록""]}",ok,미정 | 해양수산과학기술진흥원 | 해양경찰청,ok_patch,미정 | 해양수산과학기술진흥원 | 해양경찰청,ok
MH08,MultiHop,AI컴퓨팅자원활용기반강화 사업을 수행하는 기관들이 맡고 있는 다른 사업 이름을 최대 3개까지 알려주세요.,AI컴퓨팅자원활용기반강화 사업의 내역사업 시행기관들이 담당하는 다른 사업명은 3개까지 나열하시오.,사업명={'AI컴퓨팅자원활용기반강화'} -> 사업시행주체_목록 기관 추출; 사업시행주체_목록 contains any extracted 기관 AND 사업명!={'AI컴퓨팅자원활용기반강화'} -> unique 사업명 list up to 3,4대 지역외 AX 대전환 기획 | AI AGENT 선도 국가 사업 | AI·공간컴퓨팅 창업 생태계 활성화,4대 지역외 AX 대전환 기획 | AI AGENT 선도 국가 사업 | AI·공간컴퓨팅 창업 생태계 활성화 | AI 기반 뇌발달질환 디지털의료기기 실증지원 | AI반도체실증지원 | AI반도체 지원플랫폼 | AI 분야 오픈소스 생태계 조성 | AI기반안전관리분야 디지털트윈선도 | AI기반 어장 공간정보 빅데이터 플랫폼 구축 및 활용 | AI기반가상융합산업육성 | AI기반 개방형 5G-A 융합서비스 테스트베드 구축운영(R&D) | AI산업육성 | AI선박 특화 플랫폼 및 애플리케이션 개발·실증 | AI융합 지능형 농업 생태계 구축 | AI응용제품신속상용화지원사업 (보안·네트워크·생활 등) | AI일상화 확산 | AI정밀의료SW선도기반조성 | AI통합바우처 | A I혁신을 위한 데이터안전활용 지원 | AX실증밸리조성(R&D) | K-AI 네트워크 경쟁력 강화 | K-Health 국민의료 AI서비스 및 산업생태계 구축 | World Best LLM 데이터 활용 지원 | 강원 의료 AX 산업 실증 허브 조성 | 건전정보문화조성 | 경쟁형 AI 혁신인재 성장 지원 | 고성능 AI(Hyper-AI) 네트워크 기반조성 사업 | 공공AX 프로젝트 | 광주 AI 실증도시 실현(기본계획 수립 용역비) | 국가 AI데이터센터 고도화 | 국가 NPU전용 컴퓨팅센터 광주 설립(설계비) | 국가 데이터 인프라 기반 데이터 혁신(Data-X) 지원 | 국가지식정보 연계 및 활용 촉진(정보화) | 국산 NPU 기반 AI CCTV 전환 | 데이터 활용 의료·건강 생태계조성 | 데이터경제인프라구축 | 데이터기반산업경쟁력강화 | 동대구벤처밸리 AI 테크포트 | 디지털 질서 기반 구축 및 글로벌 확산 지원 | 디지털 혁신 기술 기반 K-CareNetwork | 디지털역량강화교육 | 디지털트윈 융합 의료혁신 선도사업 | 디지털헬스케어기반 AI 융합혁신 센터 구축 | 미래디지털인재양성및저변확대 | 범정부 인공지능 공통기반 구현(정보화) | 소프트웨어인재키움 | 스마트물류 기술 실증화 | 오픈랜실증단지조성 | 융합서비스 글로벌시장 진출지원 | 의료AI혁신생태계조성(닥터앤서3.0) | 인간-AI 협업형 LAM 개발 ·글로벌 실증(R&D) | 인공지능 신뢰성 혁신 실증사업 | 전국민 AI활용 서비스 개발환경 조성 | 제조업 AI융합 기반 조성 | 지능형 홈 산업 육성 | 지속가능한 데이터센터 산업 발전 지원 | 지역거점AX혁신기술개발(R&D) | 지역디지털인재양성 | 지역특화 AI 공간컴퓨팅 육성사업 | 차세대 네트워크 선도 연구시험망 구축운영(R&D) | 초거대AI 클라우드팜 실증 및 AI 확산 환경 조성 | 클라우드컴퓨팅산업육성(정보화) | 해양문화도시 기반의 에이지테크 실증거점 조성 | 협업지능 피지컬AI 기반 SW플랫폼 연구개발 생태계 조성(R&D) | 공공데이터 개방 및 이용활성화 지원(정보화) | 공공부문 AI 서비스 지원 | 데이터기반행정활성화 (정보화),3,any_3_from_candidate_set,L1_strict,colloquial,agency_ministry_relation,제조업 AI융합 기반 조성 | AI·공간컴퓨팅 창업 생태계 활성화,AI 공간 컴퓨팅 창업 생태계 활성화 | AI AGENT 선도 국가 사업 | 국가 AI데이터센터 고도화,AI컴퓨팅 자원 활용 기반 강화,"{""filter_conditions"": [{""column"": ""사업명"", ""operator"": ""=="", ""value"": ""AI컴퓨팅자원활용기반강화""}], ""group_by"": null, ""aggregation"": null, ""sort_by"": null, ""limit"": 3, ""return_columns"": [""문서_사업명""]}",ok,,ok,전산운영경비(정보화) | 개인정보 안전활용 선도기술 개발(R&D) | 신뢰기반의 AI 개인정보 보호·활용 기술개발(R&D),ok
RV01,Reverse,NIA가 시행하는 사업의 개수는 몇 개야?,한국지능정보사회진흥원이 시행기관인 사업은 몇 개인가?,df_subj rows where 사업시행주체={'한국지능정보사회진흥원'} -> row count,28개,28개,1,exact_value,L1_strict,abbreviation,agency_project_count,1개,2개,0,"{""filter_conditions"": [{""column"": ""실국(기관)"", ""operator"": ""contains"", ""value"": ""NIA""}], ""group_by"": null, ""aggregation"": ""count"", ""sort_by"": null, ""limit"": null, ""return_columns"": [""사업명""]}",ok,28개,ok_patch,28개,ok
RV02,Reverse,정보통신산업진흥원이 시행하는 사업 중 3개만 이름을 알려줄래?,정보통신산업진흥원이 시행기관인 사업명을 3개 나열하시오.,사업시행주체_목록 contains {'정보통신산업진흥원'} -> unique 사업명 list up to 3,4대 지역외 AX 대전환 기획 | AI AGENT 선도 국가 사업 | AI·공간컴퓨팅 창업 생태계 활성화,4대 지역외 AX 대전환 기획 | AI AGENT 선도 국가 사업 | AI·공간컴퓨팅 창업 생태계 활성화 | AI 기반 뇌발달질환 디지털의료기기 실증지원 | AI반도체실증지원,3,any_3_from_candidate_set,L1_strict,surface_rewrite,field_sector_reverse,알 수 없음,알 수 없음,4대 지역외 AX 대전환 기획 | AI AGENT 선도 국가 사업 | AI·공간컴퓨팅 창업 생태계 활성화,"{""filter_conditions"": [{""column"": ""사업시행주체_목록"", ""operator"": ""contains"", ""value"": ""정보통신산업진흥원""}], ""group_by"": null, ""aggregation"": null, ""sort_by"": null, ""limit"": 3, ""return_columns"": [""사업명""]}",ok,4대 지역외 AX 대전환 기획 | AI AGENT 선도 국가 사업 | AI·공간컴퓨팅 창업 생태계 활성화,ok,4대 지역외 AX 대전환 기획 | AI AGENT 선도 국가 사업 | AI·공간컴퓨팅 창업 생태계 활성화,ok
RV03,Reverse,고용부 소관의 출연 형태로 지원되는 사업 중에서 3개를 알려주세요.,출연 지원형태이면서 고용노동부 소관인 사업 3개까지 나열하시오.,소관={'고용노동부'} AND 지원형태_출연=TRUE -> unique 사업명 list up to 3,디지털 기반의 고용서비스 인프라 지원(정보화) | 미래환경변화대응 산업안전보건 연구개발(R&D) | 사업주직업훈련지원금,디지털 기반의 고용서비스 인프라 지원(정보화) | 미래환경변화대응 산업안전보건 연구개발(R&D) | 사업주직업훈련지원금 | 일자리정보플랫폼 기반 AI 고용서비스 지원(정보화) | 직업능력개발담당자양성 및 훈련매체개발 | 취약노동자지원,3,any_3_from_candidate_set,L1_strict,abbreviation|colloquial,support_type_filter,알 수 없음,21. 고용노동부_미래환경변화 대응 산업안전보건 연구개발(R&D),디지털 기반의 고용서비스 인프라 지원(정보화) | 미래환경변화대응 산업안전보건 연구개발(R&D) | 사업주직업훈련지원금,"{""filter_conditions"": [{""column"": ""소관"", ""operator"": ""=="", ""value"": ""고용부""}, {""column"": ""지원형태_출연"", ""operator"": ""=="", ""value"": true}], ""group_by"": null, ""aggregation"": null, ""sort_by"": null, ""limit"": 3, ""return_columns"": [""사업명""]}",ok,디지털 기반의 고용서비스 인프라 지원(정보화) | 미래환경변화대응 산업안전보건 연구개발(R&D) | 사업주직업훈련지원금,ok,디지털 기반의 고용서비스 인프라 지원(정보화) | 미래환경변화대응 산업안전보건 연구개발(R&D) | 사업주직업훈련지원금,ok
RV04,Reverse,2026년에 새로 시작하는 사업 중에서 지원 형태가 출자인 사업을 최대 3개까지 알려줘.,2026년 신규 사업 중 지원형태가 출자인 사업 3개까지 나열하시오.,사업성격_신규=TRUE AND 지원형태_출자=TRUE -> unique 사업명 list up to 3,AGI 준비 프로젝트 | 산업은행 출자(국민성장펀드) | 국가농업AX플랫폼,AGI 준비 프로젝트 | 산업은행 출자(국민성장펀드) | 국가농업AX플랫폼,3,exact_set,L1_strict,surface_rewrite,support_type_filter,알 수 없음,203. 과학기술정보통신부_한국산업은행출자(AI컴퓨팅 인프라 확충),AGI 준비 프로젝트 | 산업은행 출자(국민성장펀드) | 국가농업AX플랫폼,"{""filter_conditions"": [{""column"": ""사업성격_신규"", ""operator"": ""=="", ""value"": true}, {""column"": ""지원형태_출자"", ""operator"": ""=="", ""value"": true}], ""group_by"": null, ""aggregation"": null, ""sort_by"": null, ""limit"": 3, ""return_columns"": [""사업명""]}",ok,AGI 준비 프로젝트 | 산업은행 출자(국민성장펀드) | 국가농업AX플랫폼,ok,AGI 준비 프로젝트 | 산업은행 출자(국민성장펀드) | 국가농업AX플랫폼,ok
RV05,Reverse,금융위에서 새로 시작하는 사업 중 3개만 알려줄 수 있나요?,금융위원회 소관 신규 사업 3개까지 나열하시오.,소관={'금융위원회'} AND 사업성격_신규=TRUE -> unique 사업명 list up to 3,산업은행 출자(국민성장펀드),산업은행 출자(국민성장펀드),1,exact_set,L1_strict,abbreviation,new_continuing_project,산업은행 출자(국민성장펀드),금융위에서 새로 시작하는 사업: 알 수 없음,산업은행 출자(국민성장펀드),"{""filter_conditions"": [{""column"": ""문서_소관기관"", ""operator"": ""=="", ""value"": ""금융위""}, {""column"": ""사업성격_신규"", ""operator"": ""=="", ""value"": true}], ""group_by"": null, ""aggregation"": null, ""sort_by"": null, ""limit"": 3, ""return_columns"": [""사업명""]}",ok,산업은행 출자(국민성장펀드),ok,산업은행 출자(국민성장펀드),ok
RV06,Reverse,3년 동안 진행되는 새로 시작하는 사업 중 3개를 알려주세요.,사업기간이 3년이면서 신규 사업인 것을 3개 나열하시오.,사업성격_신규=TRUE AND 사업기간 normalized duration years=3 -> unique 사업명 list up to 3,개인정보 안전활용 선도기술 개발(R&D) | AI-네이티브 첨단바이오 자율실험실(R&D) | ICT 전략융합 R&D 바우처 지원(R&D),개인정보 안전활용 선도기술 개발(R&D) | AI-네이티브 첨단바이오 자율실험실(R&D) | ICT 전략융합 R&D 바우처 지원(R&D),3,exact_set,L1_strict,colloquial,new_continuing_project,국가농업AX플랫폼 | 극한지스마트광역탐사를위한 로봇-ICT융합기술개발(R&D),333. 농림축산식품부_국가 농업 AX플랫폼,알 수 없음,"{""filter_conditions"": [{""column"": ""사업성격_신규"", ""operator"": ""=="", ""value"": true}, {""column"": ""사업기간"", ""operator"": ""contains"", ""value"": ""3년""}], ""group_by"": null, ""aggregation"": null, ""sort_by"": null, ""limit"": 3, ""return_columns"": [""사업명""]}",ok,개인정보 안전활용 선도기술 개발(R&D) | 치안데이터활용기술개발 (R&D) | 4대 지역외 AX 대전환 기획,ok,개인정보 안전활용 선도기술 개발(R&D) | 치안데이터활용기술개발 (R&D) | 4대 지역외 AX 대전환 기획,ok
CF01,ComplexFilter,과기정통부 소관 사업 중에서 출연 형태로 지원받고 2026년 예산이 1000억 원 이상인 사업을 최대 3개까지 알려줘.,출연 지원형태이면서 과학기술정보통신부 소관이고 2026년 예산이 1000억원(100000백만원) 이상인 사업은 3개까지 나열하시오.,소관={'과학기술 정보통신부'} AND 지원형태_출연=TRUE AND 예산총괄표_2026열2(백만원)>=100000 -> unique 사업명 list up to 3,AI반도체실증지원 | AI·SW중심대학 | AI컴퓨팅자원활용기반강화,AI반도체실증지원 | AI·SW중심대학 | AI컴퓨팅자원활용기반강화 | 광주과학기술원 연구운영비 지원(R&D) | 국가과학기술연구회 연구운영비 지원(R&D) | 대구경북과학기술원 연구운영비 지원(R&D) | 바이오·의료기술개발 | 울산과학기술원 연구운영비 지원(R&D) | 정보보호핵심원천기술개발 | 정보통신방송혁신인재양성 | 차세대 네트워크(6G) 산업 기술개발 | 한국과학기술연구원 연구운영비 지원(R&D) | 한국과학기술원 연구운영비 지원(R&D) | 한국과학기술정보연구원 연구 운영비 지원(R&D) | 한국생명공학연구원 연구운영비 지원(R&D) | 한국생산기술연구원 연구운영비지원(R&D) | 한국원자력연구원 연구 운영비 지원(R&D) | 한국전자통신연구원 연구운영비 지원(R&D) | 한국지질자원연구원 연구운영비지원(R&D) | 한국표준과학연구원 연구운영비 지원(R&D),3,any_3_from_candidate_set,L1_strict,abbreviation,support_type_filter,91 | 39,201. 과학기술정보통신부_한국기초과학지원연구원 연구 운영비 지원(R&D) | 183. 과학기술정보통신부_차세대네트워크(6G) 산업기술개발(R&D),AI컴퓨팅자원활용기반강화,"{""filter_conditions"": [{""column"": ""소관"", ""operator"": ""=="", ""value"": ""과기정통부""}, {""column"": ""지원형태_출연"", ""operator"": ""=="", ""value"": true}, {""column"": ""예산총괄표_2026열1(백만원)"", ""operator"": "">="", ""value"": 1000000}], ""group_by"": null, ""aggregation"": null, ""sort_by"": {""column"": ""예산총괄표_2026열1(백만원)"", ""ascending"": false}, ""limit"": 3, ""return_columns"": [""사업명""]}",ok,AI반도체실증지원 | AI·SW중심대학 | AI컴퓨팅자원활용기반강화,ok,AI반도체실증지원 | AI·SW중심대학 | AI컴퓨팅자원활용기반강화,ok
CF02,ComplexFilter,과기정통부 소관의 새로 시작하는 사업 중에서 지원형태가 출자인 사업은 무엇이 있나요?,신규 사업이면서 지원형태가 출자인 사업 중 과학기술정보통신부 소관인 것은?,소관={'과학기술 정보통신부'} AND 지원형태_출자=TRUE AND 사업성격_신규=TRUE -> unique 사업명 list up to 3,AGI 준비 프로젝트,AGI 준비 프로젝트,1,exact_set,L1_strict,abbreviation,support_type_filter,알 수 없음,알 수 없음,AGI 준비 프로젝트,"{""filter_conditions"": [{""column"": ""소관"", ""operator"": ""=="", ""value"": ""과기정통부""}, {""column"": ""사업성격_신규"", ""operator"": ""=="", ""value"": true}, {""column"": ""지원형태_출자"", ""operator"": ""=="", ""value"": true}], ""group_by"": null, ""aggregation"": null, ""sort_by"": null, ""limit"": null, ""return_columns"": [""사업명""]}",ok,AGI 준비 프로젝트,ok,AGI 준비 프로젝트,ok
CF03,ComplexFilter,중기부에서 계속 사업으로 진행되는 출연 형태의 사업을 최대 3개까지 알려줘.,중소벤처기업부 소관이면서 계속 사업이고 지원형태가 출연인 사업 3개까지 나열하시오.,소관={'중소벤처기업부'} AND 지원형태_출연=TRUE AND 사업성격_계속=TRUE -> unique 사업명 list up to 3,ICT융합스마트공장보급·확산 | 데이터 인프라구축(정보화) | 중소기업 스마트서비스 지원,ICT융합스마트공장보급·확산 | 데이터 인프라구축(정보화) | 중소기업 스마트서비스 지원 | 중소벤처행정정보화(정보화) | 지역특화 제조데이터 활성화 | 창업사업화지원 | 창업성장기술개발(R&D) | 투·융자연계기술개발(R&D),3,any_3_from_candidate_set,L1_strict,abbreviation,support_type_filter,창업사업화지원 | 중소벤처행정정보화(정보화) | ICT융합스마트공장보급·확산,중소벤처기업부_투·융자연계기술개발(R&D),ICT융합스마트공장보급·확산 | 데이터 인프라구축(정보화) | 중소기업 스마트서비스 지원,"{""filter_conditions"": [{""column"": ""문서_소관기관"", ""operator"": ""=="", ""value"": ""중기부""}, {""column"": ""사업성격_계속"", ""operator"": ""=="", ""value"": true}, {""column"": ""지원형태_출연"", ""operator"": ""=="", ""value"": true}], ""group_by"": null, ""aggregation"": null, ""sort_by"": null, ""limit"": 3, ""return_columns"": [""사업명""]}",ok,ICT융합스마트공장보급·확산 | 데이터 인프라구축(정보화) | 스마트 제조혁신 기술개발사업(R&D),ok,ICT융합스마트공장보급·확산 | 데이터 인프라구축(정보화) | 중소기업 스마트서비스 지원,ok
CF04,ComplexFilter,2026년에 예산이 전년보다 줄어들었고 계속 사업으로 과기정통부 소관인 사업을 최대 3개까지 알려주세요.,2026년 예산이 전년 대비 감소했으면서 계속 사업이고 과학기술정보통신부 소관인 사업은 3개까지 나열하시오.,소관={'과학기술 정보통신부'} AND 사업성격_계속=TRUE AND 예산총괄표_증감(백만원)<0 -> unique 사업명 list up to 3,AI반도체 지원플랫폼 | A I 융합 OTT 글로벌 진출 확산 지원 | AI기반 어장 공간정보 빅데이터 플랫폼 구축 및 활용,AI반도체 지원플랫폼 | A I 융합 OTT 글로벌 진출 확산 지원 | AI기반 어장 공간정보 빅데이터 플랫폼 구축 및 활용 | AI반도체기반데이터센터 고도화선도기술개발(R&D) | AI반도체첨단이종집적 기술개발(R&D) | AI산업육성 | AI융합 지능형 농업 생태계 구축 | AI일상화 확산 | AI정밀의료SW선도기반조성 | K-Health 국민의료 AI서비스 및 산업생태계 구축 | PIM인공지능반도체 핵심기술개발(설계) | SW컴퓨팅산업원천기술개발 | 거대인공신경망인공지능 반도체SW기술개발(R&D) | 공공행정서비스혁신기술개발(R&D) | 대구경북과학기술원 시설 지원(R&D) | 대학디지털교육역량강화 | 데이터 활용 의료·건강 생태계조성 | 데이터 활용확산 정책지원 | 데이터경제인프라구축 | 데이터기반산업경쟁력강화 | 디지털 혁신 기술 기반 K-CareNetwork | 디지털역량강화교육 | 스마트 엣지 디바이스 기술개발(R&D) | 스마트빌리지 보급 및 확산 | 오픈랜실증단지조성 | 자율주행기술개발혁신사업(R&D) | 저궤도 군집 위성통신용 지능형 지상국 핵심기술 개발 | 정보통신 기반보호 강화(정보화) | 제조업 AI융합 기반 조성 | 지능형 홈 산업 육성 | 지속가능한 데이터센터 산업 발전 지원 | 차세대지능형 반도체기술개발(설계)(R&D) | 초거대AI 클라우드팜 실증 및 AI 확산 환경 조성 | 클라우드컴퓨팅산업육성(정보화) | 한국산업은행 출자 (AI컴퓨팅 인프라 확충) | 해킹바이러스 대응체계 고도화,3,any_3_from_candidate_set,L1_strict,abbreviation|colloquial,new_continuing_project,AI반도체실증지원 | 차세대 네트워크(6G) 산업 기술개발 | 디지털분야글로벌인재양성(R&D),192. 과학기술정보통신부_칩렛 기반 저전력 온디바이스 AI 반도체 기술개발(R&D),대학디지털교육역량강화 | AI산업육성 | 스마트빌리지 보급 및 확산,"{""filter_conditions"": [{""column"": ""예산총괄표_증감(백만원)"", ""operator"": ""<"", ""value"": 0}, {""column"": ""사업성격_계속"", ""operator"": ""=="", ""value"": true}, {""column"": ""소관"", ""operator"": ""=="", ""value"": ""과기정통부""}], ""group_by"": null, ""aggregation"": null, ""sort_by"": {""column"": ""예산총괄표_증감(백만원)"", ""ascending"": true}, ""limit"": 3, ""return_columns"": [""사업명""]}",ok,,ok,AI반도체 지원플랫폼 | A I 융합 OTT 글로벌 진출 확산 지원 | AI기반 어장 공간정보 빅데이터 플랫폼 구축 및 활용,ok
CF05,ComplexFilter,내역사업이 두 개 이상인 새로 시작하는 사업 중에서 세 개를 골라주세요.,내역사업이 2개 이상이면서 신규 사업인 것을 3개 나열하시오.,사업성격_신규=TRUE AND 내역사업_건수>=2 -> unique 사업명 list up to 3,개인정보 안전활용 선도기술 개발(R&D) | AI AGENT 선도 국가 사업 | AI·SW중심대학,개인정보 안전활용 선도기술 개발(R&D) | AI AGENT 선도 국가 사업 | AI·SW중심대학,3,exact_set,L1_strict,colloquial,new_continuing_project,알 수 없음,431. 산업통상부_산업혁신인재성장지원(R&D) | 436. 산업통상부_열공정특화제조AI파운데이션모델개발(R&D) | 417. 산업통상부_미래이차전지원료소재실증플랫폼기반구축,개인정보 안전활용 선도기술 개발(R&D) 3 | AI AGENT 선도 국가 사업 2 | AI·SW중심대학 2,"{""filter_conditions"": [{""column"": ""내역사업_건수"", ""operator"": "">="", ""value"": 2}, {""column"": ""사업성격_신규"", ""operator"": ""=="", ""value"": true}], ""group_by"": null, ""aggregation"": null, ""sort_by"": null, ""limit"": 3, ""return_columns"": [""사업명"", ""내역사업_건수""]}",ok,개인정보 안전활용 선도기술 개발(R&D) | 치안데이터활용기술개발 (R&D) | 4대 지역외 AX 대전환 기획,ok,개인정보 안전활용 선도기술 개발(R&D) | AI AGENT 선도 국가 사업 | AI·SW중심대학,ok
CF06,ComplexFilter,일반회계에 속하고 보조사업 형태로 2026년에 새로 시작하는 사업 중에서 예산이 가장 큰 사업은 무엇인가요?,일반회계이면서 보조 지원형태이고 2026년 신규 사업인 것 중 예산이 가장 큰 사업은?,회계_기금={'일반회계'} AND 지원형태_보조=TRUE AND 사업성격_신규=TRUE -> max 2026예산 사업명,국가농업AX플랫폼,국가농업AX플랫폼,1,exact_value,L1_strict,colloquial,support_type_filter,알 수 없음,AI 기반 분산전력망 산업 육성,nan,"{""filter_conditions"": [{""column"": ""회계기금_구분라벨"", ""operator"": ""=="", ""value"": ""일반회계""}, {""column"": ""지원형태_보조"", ""operator"": ""=="", ""value"": true}, {""column"": ""사업성격_신규"", ""operator"": ""=="", ""value"": true}], ""group_by"": null, ""aggregation"": ""max"", ""sort_by"": {""column"": ""사업규모_2026(백만원)"", ""ascending"": false}, ""limit"": 1, ""return_columns"": [""사업명""]}",ok,,ok,AI 기반 분산전력망 산업 육성,ok
MH09,MultiHop,정보통신기획평가원이 시행하는 사업들의 소관기관을 최대 3개까지 알려주세요.,정보통신기획평가원이 시행기관인 사업들의 소관기관 3개까지 나열하시오.,사업시행주체_목록 contains {'정보통신기획평가원'} -> unique 소관 list up to 3,과학기술 정보통신부 | 과학기술정보통신부 | 과학기술정보 통신부,과학기술 정보통신부 | 과학기술정보통신부 | 과학기술정보 통신부 | 국방부 | 방송미디어 통신위원회,3,any_3_from_candidate_set,L1_strict,colloquial,agency_ministry_relation,과학기술 정보통신부,과학기술정보통신부,과학기술정보통신부,"{""filter_conditions"": [{""column"": ""사업시행주체_목록"", ""operator"": ""contains"", ""value"": ""정보통신기획평가원""}], ""group_by"": [""문서_소관기관""], ""aggregation"": null, ""sort_by"": null, ""limit"": 3, ""return_columns"": [""문서_소관기관""]}",ok,과학기술 정보통신부 | 13 과학기술정보통신부 | 과학기술정보 통신부,ok,과학기술 정보통신부 | 13 과학기술정보통신부 | 과학기술정보 통신부,ok
MH11,MultiHop,한국산업기술기획평가원이 시행하는 사업들의 소관 기관을 최대 3개까지 알려주세요.,한국산업기술기획평가원이 시행기관인 사업들의 소관기관 3개까지 나열하시오.,사업시행주체_목록 contains {'한국산업기술기획평가원'} -> unique 소관 list up to 3,기후에너지 환경부 | 산업통상부 | 소방청,기후에너지 환경부 | 산업통상부 | 소방청 | 행정안전부,3,any_3_from_candidate_set,L1_strict,colloquial,agency_ministry_relation,산업통상부 | 과학기술정보통신부 | 알 수 없음,과학기술정보통신부,기후에너지 환경부 | 산업통상부,"{""filter_conditions"": [{""column"": ""사업시행주체_목록"", ""operator"": ""contains"", ""value"": ""한국산업기술기획평가원""}], ""group_by"": null, ""aggregation"": null, ""sort_by"": null, ""limit"": 3, ""return_columns"": [""소관""]}",ok,기후에너지 환경부 | 행정안전부,ok,기후에너지 환경부 | 산업통상부 | 소방청,ok
MH12,MultiHop,NIA가 시행하는 사업들의 소관기관을 최대 3개까지 알려주세요.,한국지능정보사회진흥원이 시행기관인 사업들의 소관기관 3개까지 나열하시오.,사업시행주체_목록 contains {'한국지능정보사회진흥원'} -> unique 소관 list up to 3,과학기술 정보통신부 | 과학기술정보 통신부 | 행정안전부,과학기술 정보통신부 | 과학기술정보 통신부 | 행정안전부,3,exact_set,L1_strict,abbreviation|colloquial,agency_ministry_relation,과학기술 정보통신부 | 개인정보 보호위원회 | 행정안전부,과학기술정보통신부 | 병무청 | 개인정보 보호위원회,과학기술 정보통신부 | 과학기술정보 통신부,"{""filter_conditions"": [{""column"": ""사업시행주체_목록"", ""operator"": ""contains"", ""value"": ""NIA""}], ""group_by"": null, ""aggregation"": null, ""sort_by"": null, ""limit"": 3, ""return_columns"": [""소관""]}",ok,과학기술 정보통신부 | 과학기술정보 통신부 | 행정안전부,ok,과학기술 정보통신부 | 과학기술정보 통신부 | 행정안전부,ok
MH13,MultiHop,한국연구재단이 시행하는 사업들의 소관 기관을 최대 3개까지 알려주세요.,한국연구재단이 시행기관인 사업들의 소관기관 3개까지 나열하시오.,사업시행주체_목록 contains {'한국연구재단'} -> unique 소관 list up to 3,과학기술 정보통신부 | 과학기술정보 통신부 | 13,과학기술 정보통신부 | 과학기술정보 통신부 | 13 | 기후에너지 환경부 | 법무부,3,any_3_from_candidate_set,L1_strict,colloquial,agency_ministry_relation,과학기술정보통신부,알 수 없음,과학기술 정보통신부 | 과학기술정보 통신부,"{""filter_conditions"": [{""column"": ""사업시행주체_목록"", ""operator"": ""contains"", ""value"": ""한국연구재단""}], ""group_by"": [""소관""], ""aggregation"": null, ""sort_by"": null, ""limit"": 3, ""return_columns"": [""소관""]}",ok,과학기술 정보통신부 | 과학기술정보 통신부 | 13,ok,과학기술 정보통신부 | 과학기술정보 통신부 | 13,ok
MH14,MultiHop,한국보건산업진흥원이 시행하는 사업들의 소관기관을 최대 3개까지 알려주세요.,한국보건산업진흥원이 시행기관인 사업들의 소관기관 3개까지 나열하시오.,사업시행주체_목록 contains {'한국보건산업진흥원'} -> unique 소관 list up to 3,보건복지부 | 산업통상부,보건복지부 | 산업통상부 | 식품의약품안 전처 | 식품의약품 안전처,3,any_3_from_candidate_set,L1_strict,colloquial,agency_ministry_relation,보건복지부,보건복지부 | 산업통상부,23 보건복지부,"{""filter_conditions"": [{""column"": ""사업시행주체_목록"", ""operator"": ""contains"", ""value"": ""한국보건산업진흥원""}], ""group_by"": null, ""aggregation"": null, ""sort_by"": null, ""limit"": 3, ""return_columns"": [""소관""]}",ok,23 보건복지부 | 보건복지부 | 산업통상부,ok,23 보건복지부 | 보건복지부 | 산업통상부,ok
MH15,MultiHop,KISA가 시행하는 사업들의 소관 기관을 최대 3개까지 알려주세요.,한국인터넷진흥원이 시행기관인 사업들의 소관기관 3개까지 나열하시오.,사업시행주체_목록 contains {'한국인터넷진흥원'} -> unique 소관 list up to 3,개인정보 보호위원회 | 과학기술 정보통신부 | 과학기술정보 통신부,개인정보 보호위원회 | 과학기술 정보통신부 | 과학기술정보 통신부 | 행정안전부,3,any_3_from_candidate_set,L1_strict,abbreviation|colloquial,agency_ministry_relation,개인정보 보호위원회,개인정보 보호위원회 | 과학기술정보통신부 | 행정안전부,알 수 없음,"{""filter_conditions"": [{""column"": ""실국(기관)"", ""operator"": ""contains"", ""value"": ""KISA""}], ""group_by"": null, ""aggregation"": null, ""sort_by"": null, ""limit"": 3, ""return_columns"": [""소관""]}",ok,개인정보 보호위원회 | 과학기술 정보통신부 | 과학기술정보 통신부,ok,개인정보 보호위원회 | 과학기술 정보통신부 | 과학기술정보 통신부,ok
MH17,MultiHop,한국산업기술진흥원이 시행하는 사업들의 소관기관을 최대 3개까지 알려주세요.,한국산업기술진흥원이 시행기관인 사업들의 소관기관 3개까지 나열하시오.,사업시행주체_목록 contains {'한국산업기술진흥원'} -> unique 소관 list up to 3,산업통상부,산업통상부,1,exact_set,L1_strict,colloquial,agency_ministry_relation,산업통상부 | 한국산업기술진흥원 | 한국섬유산업연합회,산업통상부 | 21 산업통상부,산업통상부,"{""filter_conditions"": [{""column"": ""사업시행주체_목록"", ""operator"": ""contains"", ""value"": ""한국산업기술진흥원""}], ""group_by"": null, ""aggregation"": null, ""sort_by"": null, ""limit"": 3, ""return_columns"": [""문서_소관기관""]}",ok,교육부,ok,산업통상부,ok
MH18,MultiHop,정보통신기획평가원이 시행하는 사업들이 포함된 단위사업명 세 개를 알려줘.,정보통신기획평가원이 시행기관인 사업들이 속한 단위사업명을 3개 나열하시오.,사업시행주체_목록 contains {'정보통신기획평가원'} -> unique 단위사업명 list up to 3,전파방송산업활성화 | 전파연구지원 | 콘텐츠디바이스기술개발 (일반),전파방송산업활성화 | 전파연구지원 | 콘텐츠디바이스기술개발 (일반) | SW융합인력양성 | 스마트화산업기반확충(일반) | AI기술개발(일반) | AI반도체경쟁력강화(일반) | ICT산업기반확충(정진) | 정보보안대응체계구축 | ICT산업기반확충(일반) | SW.디지털콘텐츠기술개발 | AI기술개발 | AI반도체경쟁력강화 | 광역경제권거점기관지원 | 콘텐츠진흥 | ICT사업화지원(고특) | 콘텐츠디바이스 기술개발(일반) | 콘텐츠디바이스기술개발(일반) | SW융합인력양성(일반) | 공정경쟁및이용자보호(일반) | 스마트화산업기반확충 | 우정사업연구 | ICT산업기반확충(지특) | 전파방송산업활성화(일반) | 정보보호기술개발(정진) | SW융합인력양성(균특) | 스마트화기술개발(일반) | 군수정책지원 | 정보통신체계운영 | 콘텐츠 진흥,3,any_3_from_candidate_set,L1_strict,surface_rewrite,agency_ministry_relation,AI-RAN 글로벌 선도 프로젝트(R&D) | 데이터센터 네트워크 인프라 기술 선도사업(R&D) | 복합지능 자율행동체 SW 핵심기술개발(R&D),콘텐츠디바이스기술개발 (일반) | 전파연구지원,전파방송산업활성화 | 전파연구지원 | 콘텐츠디바이스기술개발 (일반),"{""filter_conditions"": [{""column"": ""사업시행주체_목록"", ""operator"": ""contains"", ""value"": ""정보통신기획평가원""}], ""group_by"": null, ""aggregation"": null, ""sort_by"": null, ""limit"": 3, ""return_columns"": [""단위사업명""]}",ok,전파방송산업활성화 | 전파연구지원 | 콘텐츠디바이스기술개발 일반,ok,전파방송산업활성화 | 전파연구지원 | 콘텐츠디바이스기술개발 (일반),ok
MH19,MultiHop,정보통신산업진흥원이 시행하는 사업들이 포함된 단위사업명을 세 개만 알려줘.,정보통신산업진흥원이 시행기관인 사업들이 속한 단위사업명을 3개 나열하시오.,사업시행주체_목록 contains {'정보통신산업진흥원'} -> unique 단위사업명 list up to 3,광역경제권산업경쟁력강화 | AI경쟁력강화 | AI경쟁력강화(일반),광역경제권산업경쟁력강화 | AI경쟁력강화 | AI경쟁력강화(일반) | AI기술개발(지특) | AI반도체경쟁력강화(일반) | SW융합인력양성 | 광역경제권산업경쟁력강화 (지역지원) | AI경쟁력강화(정진) | 광역경제권산업경쟁력강화 (일반) | ICT산업기반확충 | SW산업경쟁력강화(일반) | AI기술개발 | AI기술개발(일반) | 스마트화산업기반확충(지특) | SW융합인력양성(균특) | 스마트화산업기반확충(일반) | AI경쟁력강화(방발),3,any_3_from_candidate_set,L1_strict,surface_rewrite,agency_ministry_relation,AI반도체실증지원,알 수 없음,광역경제권산업경쟁력강화 | AI경쟁력강화 | AI경쟁력강화(일반),"{""filter_conditions"": [{""column"": ""사업시행주체_목록"", ""operator"": ""contains"", ""value"": ""정보통신산업진흥원""}], ""group_by"": null, ""aggregation"": null, ""sort_by"": null, ""limit"": 3, ""return_columns"": [""단위사업명""]}",ok,광역경제권산업경쟁력강화 | AI경쟁력강화 | AI경쟁력강화 일반,ok,광역경제권산업경쟁력강화 | AI경쟁력강화 | AI경쟁력강화(일반),ok
MH20,MultiHop,한국산업기술기획평가원이 시행하는 사업들이 포함된 단위사업명을 세 개만 알려주세요.,한국산업기술기획평가원이 시행기관인 사업들이 속한 단위사업명을 3개 나열하시오.,사업시행주체_목록 contains {'한국산업기술기획평가원'} -> unique 단위사업명 list up to 3,기술개발 | 바이오헬스기술개발 | 우수기술역량강화,기술개발 | 바이오헬스기술개발 | 우수기술역량강화 | 제조기반기술개발 | 스마트전자기술개발 | 수송기기기술개발 | 산업기술기반구축 | 소재부품장비기술개발 | 인력양성(일반회계) | 소방안전기술개발 | 재난안전기술개발,3,any_3_from_candidate_set,L1_strict,colloquial,agency_ministry_relation,기계장비산업기술개발(R&D),알 수 없음,기술개발 | 바이오헬스기술개발,"{""filter_conditions"": [{""column"": ""사업시행주체_목록"", ""operator"": ""contains"", ""value"": ""한국산업기술기획평가원""}], ""group_by"": null, ""aggregation"": null, ""sort_by"": null, ""limit"": 3, ""return_columns"": [""단위사업명""]}",ok,기술개발 | 재난안전기술개발,ok,기술개발 | 바이오헬스기술개발 | 우수기술역량강화,ok
MH21,MultiHop,NIA가 시행하는 사업들이 포함된 단위사업명 세 개만 알려줘.,한국지능정보사회진흥원이 시행기관인 사업들이 속한 단위사업명을 3개 나열하시오.,사업시행주체_목록 contains {'한국지능정보사회진흥원'} -> unique 단위사업명 list up to 3,AI경쟁력강화 | 스마트화산업기반확충(일반) | ICT산업기반확충,AI경쟁력강화 | 스마트화산업기반확충(일반) | ICT산업기반확충 | 데이터산업경쟁력강화 | 단위사업명 | 생산적정보문화조성 | 네트워크기반조성(일반) | 데이터산업경쟁력강화(일반) | 스마트화산업기반확충 | 데이터산업경쟁력강화(정진) | AI기술개발 | 공공서비스신기술적용촉진 (정보화) | AI기술개발(지특) | AI경쟁력강화(방발) | 정보자원관리지원기반확충 | 공공데이터 개방 및 이용활성화 지원(정보화) | 정보자원관리기반확충,3,any_3_from_candidate_set,L2_realistic,abbreviation,agency_ministry_relation,국가지식정보 연계 및 활용 촉진(정보화),스마트화산업기반확충 | SW산업경쟁력강화(일반) | 개인정보보호연구,알 수 없음,"{""filter_conditions"": [{""column"": ""실국(기관)"", ""operator"": ""contains"", ""value"": ""NIA""}], ""group_by"": null, ""aggregation"": null, ""sort_by"": null, ""limit"": 3, ""return_columns"": [""단위사업명""]}",ok,AI경쟁력강화 | 스마트화산업기반확충 일반 | ICT산업기반확충,ok,AI경쟁력강화 | 스마트화산업기반확충(일반) | ICT산업기반확충,ok
MH22,MultiHop,IITP가 진행하는 사업들은 어떤 분야에 속해 있어?,정보통신기획평가원이 시행하는 사업의 분야명은?,사업시행주체_목록 contains {'정보통신기획평가원'} -> unique 분야명 list up to 3,문화및관광 | 통신 | 산업·중소기업 및에너지,문화및관광 | 통신 | 산업·중소기업 및에너지 | 국방,3,any_3_from_candidate_set,L2_realistic,abbreviation|colloquial,field_sector_reverse,통신,통신,알 수 없음,"{""filter_conditions"": [{""column"": ""실국(기관)"", ""operator"": ""contains"", ""value"": ""IITP""}], ""group_by"": [""분야명""], ""aggregation"": null, ""sort_by"": null, ""limit"": null, ""return_columns"": [""분야명""]}",ok,문화및관광 | 통신 | 산업 중소기업 및에너지,ok,문화및관광 | 통신 | 산업·중소기업 및에너지,ok
MH23,MultiHop,NIPA가 진행하는 사업들은 어떤 분야에 속해?,정보통신산업진흥원이 시행하는 사업의 분야명은?,사업시행주체_목록 contains {'정보통신산업진흥원'} -> unique 분야명 list up to 3,통신 | 산업·중소기업 및 에너지 | 과학기술,통신 | 산업·중소기업 및 에너지 | 과학기술,3,exact_set,L2_realistic,abbreviation|colloquial,field_sector_reverse,통신 | 과학기술,알 수 없음,알 수 없음,"{""filter_conditions"": [{""column"": ""실국(기관)"", ""operator"": ""contains"", ""value"": ""NIPA""}], ""group_by"": [""분야명""], ""aggregation"": null, ""sort_by"": null, ""limit"": null, ""return_columns"": [""분야명""]}",ok,통신 | 산업 중소기업 및 에너지 | 과학기술,ok,통신 | 산업·중소기업 및 에너지 | 과학기술,ok
MH24,MultiHop,한국산업기술기획평가원이 하는 사업들은 어떤 분야에 속해?,한국산업기술기획평가원이 시행하는 사업의 분야명은?,사업시행주체_목록 contains {'한국산업기술기획평가원'} -> unique 분야명 list up to 3,산업ㆍ중소기업 및에너지 | 산업·중소기업 및에너지 | 산업 중소기업 및 에너지,산업ㆍ중소기업 및에너지 | 산업·중소기업 및에너지 | 산업 중소기업 및 에너지 | 산업·중소기업 및 에너지 | 산업·중소기업 및에너지 | 산업ㆍ중소기업 및 에너지 | 공공질서 및 안전 | 공공질서및안전,3,any_3_from_candidate_set,L2_realistic,colloquial,field_sector_reverse,산업혁신지원,알 수 없음,알 수 없음,"{""filter_conditions"": [{""column"": ""문서_소관기관"", ""operator"": ""=="", ""value"": ""한국산업기술기획평가원""}], ""group_by"": [""분야명""], ""aggregation"": null, ""sort_by"": null, ""limit"": null, ""return_columns"": [""분야명""]}",ok,산업 중소기업 및에너지 | 공공질서및안전,ok,산업ㆍ중소기업 및에너지 | 산업·중소기업 및에너지 | 산업 중소기업 및 에너지,ok
MH25,MultiHop,NIA가 진행하는 사업들은 어떤 분야에 속해?,한국지능정보사회진흥원이 시행하는 사업의 분야명은?,사업시행주체_목록 contains {'한국지능정보사회진흥원'} -> unique 분야명 list up to 3,통신 | 기타 | 일반·지방행정,통신 | 기타 | 일반·지방행정 | 분야명 | 일반-지방행정,3,any_3_from_candidate_set,L2_realistic,abbreviation|colloquial,field_sector_reverse,통신,정보통신 | 일반·지방행정,알 수 없음,"{""filter_conditions"": [{""column"": ""실국(기관)"", ""operator"": ""=="", ""value"": ""NIA""}], ""group_by"": [""분야명""], ""aggregation"": null, ""sort_by"": null, ""limit"": null, ""return_columns"": [""분야명""]}",ok,통신 | 기타 | 일반 지방행정,ok,통신 | 기타 | 일반·지방행정,ok
MH26,MultiHop,NRF가 시행하는 사업 이름 세 개만 알려줘.,한국연구재단이 시행기관인 사업명을 3개 나열하시오.,사업시행주체_목록 contains {'한국연구재단'} -> unique 사업명 list up to 3,AI+S&T혁신기술개발(R&D) | AI-네이티브 첨단바이오 자율실험실(R&D) | AIxBio 혁신 연구거점 조성 시범사업(R&D),AI+S&T혁신기술개발(R&D) | AI-네이티브 첨단바이오 자율실험실(R&D) | AIxBio 혁신 연구거점 조성 시범사업(R&D) | AI기반디지털가상핵융합플랫 폼개발(R&D) | 과학기술혁신인재양성(R&D) | 국가 플래그십 초고성능컴퓨팅 인프라 고도화(R&D) | 나노․소재기술개발(R&D) | 디지털 AI세포 구축(R&D) | 민관협력 기반 AI 휴머노이드 원천기술 고도화(R&D) | 바이오·의료기술개발 | 반도체원천기술개발사업 (R&D) | 생체노화 리프로그래밍 원천기술 개발 | 연합학습기반신약개발가속화 프로젝트(K-MELLODDY프로젝트) | 재난안전혁신기술개발(R&D) | 차세대 AI+S&T 기반 기술개발(R&D) | 첨단신약 타겟 발굴 검증 및 기반기술 개발(R&D) | AI기반무탄소에너지핵심기술 개발(R&D) | 무탄소에너지핵심기술개발 | 재범징후의 선제적 감지 및 대응력 강화(R&D),3,any_3_from_candidate_set,L2_realistic,abbreviation,agency_ministry_relation,국방AI선도연구협력(R&D) | 차세대 네트워크 AI파운데이션 모델(NFM) 개발(R&D) | AI-RAN 글로벌 선도 프로젝트(R&D),알 수 없음,알 수 없음,"{""filter_conditions"": [{""column"": ""실국(기관)"", ""operator"": ""contains"", ""value"": ""NRF""}], ""group_by"": null, ""aggregation"": null, ""sort_by"": null, ""limit"": 3, ""return_columns"": [""사업명""]}",ok,AI+S&T혁신기술개발(R&D) | AI-네이티브 첨단바이오 자율실험실(R&D) | AIxBio 혁신 연구거점 조성 시범사업(R&D),ok,AI+S&T혁신기술개발(R&D) | AI-네이티브 첨단바이오 자율실험실(R&D) | AIxBio 혁신 연구거점 조성 시범사업(R&D),ok
MH27,MultiHop,한국보건산업진흥원이 시행하는 사업 중 세 가지 이름을 알려줄래?,한국보건산업진흥원이 시행기관인 사업명을 3개 나열하시오.,사업시행주체_목록 contains {'한국보건산업진흥원'} -> unique 사업명 list up to 3,AI 모델을 활용한 항체 바이오베터 개발 및 실증(R&D) | AI기반 수술로봇 이노베이션랩 구축 및 활용 사업 | AI응용제품 신속 상용화 지원(보건),AI 모델을 활용한 항체 바이오베터 개발 및 실증(R&D) | AI기반 수술로봇 이노베이션랩 구축 및 활용 사업 | AI응용제품 신속 상용화 지원(보건) | K-AI 신약개발 전임상·임상 모델개발(R&D) | 구조기반 AI신약개발 지원(R&D) | 국가통합바이오빅데이터구축(R&D) | 다기관-멀티모달 연합학습 기반 의료 인공지능 기술 시범모델 개발 | 바이오헬스산업 육성 지원 | 보건의료데이터 상호운용성 지원 기술개발(R&D) | 응급실 특화 AI 기반 임상지원시스템 개발 | 의료 인공지능 특화 융합인재 양성사업(R&D) | 지역거점AX혁신기술개발 | 치매의료기술연구개발사업 | 치매전주기데이터수집및빅데이 터통합시스템구축사업(R&D) | 한국형 수술질향상 프로젝트(K-NSQIP) | 국가통합바이오빅데이터구축 사업(R&D) | 범부처감염병방역체계고도화 R&D사업(R&D) | AI 기반 독성예측 평가기술 개발연구(R&D) | 신기술 적용 식품(푸드테크) 안전기술 지원 (R&D) | 중독자 데이터 기반 마약 중독 재활기술 개발연구(R&D) | 컴퓨터모델링 기반 의료기기 평가체계 구축(R&D),3,any_3_from_candidate_set,L2_realistic,surface_rewrite,agency_ministry_relation,지역거점AX혁신기술개발 | 바이오헬스산업 육성 지원 | AI응용제품 신속 상용화 지원(보건),AI응용제품 신속 상용화 지원(보건) | 바이오헬스산업 육성 지원 | 지역거점AX혁신기술개발,AI 모델을 활용한 항체 바이오베터 개발 및 실증(R&D) | AI기반 수술로봇 이노베이션랩 구축 및 활용 사업 | AI응용제품 신속 상용화 지원(보건),"{""filter_conditions"": [{""column"": ""사업시행주체_목록"", ""operator"": ""contains"", ""value"": ""한국보건산업진흥원""}], ""group_by"": null, ""aggregation"": null, ""sort_by"": null, ""limit"": 3, ""return_columns"": [""사업명""]}",ok,AI 모델을 활용한 항체 바이오베터 개발 및 실증(R&D) | AI기반 수술로봇 이노베이션랩 구축 및 활용 사업 | AI응용제품 신속 상용화 지원(복지),ok,AI 모델을 활용한 항체 바이오베터 개발 및 실증(R&D) | AI기반 수술로봇 이노베이션랩 구축 및 활용 사업 | AI응용제품 신속 상용화 지원(복지),ok
MH28,MultiHop,KISA가 시행하는 사업 이름 3개만 알려줄래?,한국인터넷진흥원이 시행기관인 사업명을 3개 나열하시오.,사업시행주체_목록 contains {'한국인터넷진흥원'} -> unique 사업명 list up to 3,개인정보 안전활용 선도기술 개발(R&D) | 신뢰기반의 AI 개인정보 보호·활용 기술개발(R&D) | 안전한 데이터 활용 지원,개인정보 안전활용 선도기술 개발(R&D) | 신뢰기반의 AI 개인정보 보호·활용 기술개발(R&D) | 안전한 데이터 활용 지원 | AI 기반 침해대응체계 구축 | AI응용제품신속상용화지원사업 (보안·네트워크·생활 등) | 건전정보문화조성 | 정보통신 기반보호 강화(정보화) | 해킹바이러스 대응체계 고도화 | (정보보호인프라확충(정보화)),3,any_3_from_candidate_set,L2_realistic,abbreviation,agency_ministry_relation,신뢰기반의 AI 개인정보 보호·활용 기술개발(R&D) | AI 기반 침해대응체계 구축,알 수 없음,알 수 없음,"{""filter_conditions"": [{""column"": ""실국(기관)"", ""operator"": ""contains"", ""value"": ""KISA""}], ""group_by"": null, ""aggregation"": null, ""sort_by"": null, ""limit"": 3, ""return_columns"": [""사업명""]}",ok,개인정보 안전활용 선도기술 개발(R&D) | 신뢰기반의 AI 개인정보 보호·활용 기술개발(R&D) | 안전한 데이터 활용 지원,ok,개인정보 안전활용 선도기술 개발(R&D) | 신뢰기반의 AI 개인정보 보호·활용 기술개발(R&D) | 안전한 데이터 활용 지원,ok
MH30,MultiHop,한국산업기술진흥원이 시행하는 사업 이름 3개만 알려줘.,한국산업기술진흥원이 시행기관인 사업명을 3개 나열하시오.,사업시행주체_목록 contains {'한국산업기술진흥원'} -> unique 사업명 list up to 3,No-Code 제조기술 혁신 생태계 구축 | 미래이차전지원료소재실증 플랫폼기반구축 | 산업AI솔루션실증·확산지원,No-Code 제조기술 혁신 생태계 구축 | 미래이차전지원료소재실증 플랫폼기반구축 | 산업AI솔루션실증·확산지원 | 산업AI용데이터전처리자동화 기술개발(R&D) | 산업혁신기반구축(R&D) | 산업혁신인재성장지원(R&D) | 산업현장문제해결형산업AI 에이전트기술개발(R&D) | 소재부품산업 기술개발기반구축(R&D) | 제조데이터표준·인공지능활용제품 전주기탄소중립지원기술개발(R&D) | 지역전략산업기반고도화(R&D) | 철강·금속AX실증센터구축 | 철강산업AI융합실증허브구축사업 | 한국형Manufacturing-X플랫 폼표준모델개발및실증(R&D),3,any_3_from_candidate_set,L2_realistic,surface_rewrite,agency_ministry_relation,산업혁신인재성장지원(R&D) | 산업현장문제해결형산업AI 에이전트기술개발(R&D),산업혁신인재성장지원(R&D) | 산업기술기반구축 | 산업기술혁신지원,No-Code 제조기술 혁신 생태계 구축 | 미래이차전지원료소재실증 플랫폼기반구축 | 바이오산업개방형 생태계조성촉진,"{""filter_conditions"": [{""column"": ""사업시행주체_목록"", ""operator"": ""contains"", ""value"": ""한국산업기술진흥원""}], ""group_by"": null, ""aggregation"": null, ""sort_by"": null, ""limit"": 3, ""return_columns"": [""사업명""]}",ok,산학연협력 고도화 지원 | No-Code 제조기술 혁신 생태계 구축 | 미래이차전지원료소재실증 플랫폼기반구축,ok,No-Code 제조기술 혁신 생태계 구축 | 미래이차전지원료소재실증 플랫폼기반구축 | 산업AI솔루션실증·확산지원,ok
MH32,MultiHop,한국환경산업기술원이 주관하는 사업 중에서 3개만 알려줄래?,한국환경산업기술원이 시행기관인 사업명을 3개 나열하시오.,사업시행주체_목록 contains {'한국환경산업기술원'} -> unique 사업명 list up to 3,AI응용제품 신속 상용화 지원사업(환경) | 기후변화 적응 수재해 관리 기술개발사업(R&D) | 기후변화 적응을 위한 생태계 복원 및 관리 기술개발사업,AI응용제품 신속 상용화 지원사업(환경) | 기후변화 적응 수재해 관리 기술개발사업(R&D) | 기후변화 적응을 위한 생태계 복원 및 관리 기술개발사업 | 디지털 담수화 플랜트 농축수 자원화 기술개발사업(R&D) | 미래변화 대응 수자원 안정성 확보 기술개발사업(R&D) | 블록체인 기반 살생물제 정보 지능형 공정관리기술 개발 사업(R&D) | 수열에너지 활용기술 및 에너지 믹스 기술개발(R&D) | 폐의류 문제해결 플래그십 재활용 기술개발사업 | 환경보건 빅데이터 구축 및 AI 활용 고도화 기술개발사업(R&D),3,any_3_from_candidate_set,L2_realistic,surface_rewrite,agency_ministry_relation,폐의류 문제해결 플래그십 재활용 기술개발사업,폐의류 문제해결 플래그십 재활용 기술개발사업 | 디지털 담수화 플랜트 농축수 자원화 기술개발사업,알 수 없음,"{""filter_conditions"": [{""column"": ""문서_소관기관"", ""operator"": ""=="", ""value"": ""한국환경산업기술원""}], ""group_by"": null, ""aggregation"": null, ""sort_by"": null, ""limit"": 3, ""return_columns"": [""사업명""]}",ok,AI응용제품 신속 상용화 지원사업(환경) | 기후변화 적응 수재해 관리 기술개발사업(R&D) | 기후변화 적응을 위한 생태계 복원 및 관리 기술개발사업,ok,AI응용제품 신속 상용화 지원사업(환경) | 기후변화 적응 수재해 관리 기술개발사업(R&D) | 기후변화 적응을 위한 생태계 복원 및 관리 기술개발사업,ok
MH33,MultiHop,정보통신기획평가원이 주관하는 사업들이 포함된 부문명을 알려줘.,정보통신기획평가원이 시행기관인 사업들이 속한 부문명을 나열하시오.,사업시행주체_목록 contains {'정보통신기획평가원'} -> unique 부문명 list,문화예술 | 방송통신 | 정보통신,문화예술 | 방송통신 | 정보통신 | 산업혁신지원 | 우정 | 전력유지,3,any_3_from_candidate_set,L2_realistic,surface_rewrite,agency_ministry_relation,정보통신,정보통신,알 수 없음,"{""filter_conditions"": [{""column"": ""문서_소관기관"", ""operator"": ""=="", ""value"": ""정보통신기획평가원""}], ""group_by"": null, ""aggregation"": null, ""sort_by"": null, ""limit"": null, ""return_columns"": [""부문명""]}",ok,문화예술 | 방송통신 | 정보통신,ok_patch,문화예술 | 방송통신 | 정보통신,ok
MH34,MultiHop,NIPA가 시행하는 사업들이 포함된 부문명을 알려줘.,정보통신산업진흥원이 시행기관인 사업들이 속한 부문명을 나열하시오.,사업시행주체_목록 contains {'정보통신산업진흥원'} -> unique 부문명 list,정보통신 | 산업혁신지원 | 과학기술 연구지원,정보통신 | 산업혁신지원 | 과학기술 연구지원 | 과학기술 연구개발,3,any_3_from_candidate_set,L2_realistic,abbreviation,agency_ministry_relation,정보통신,산업혁신지원,알 수 없음,"{""filter_conditions"": [{""column"": ""실국(기관)"", ""operator"": ""contains"", ""value"": ""NIPA""}], ""group_by"": [""부문명""], ""aggregation"": null, ""sort_by"": null, ""limit"": null, ""return_columns"": [""부문명""]}",ok,정보통신 | 산업혁신지원 | 과학기술 연구지원,ok_patch,정보통신 | 산업혁신지원 | 과학기술 연구지원,ok
RV07,Reverse,복지부에서 출연 형태로 지원하는 사업 중 3개만 알려줘.,보건복지부 소관이면서 지원형태가 출연인 사업을 3개 나열하시오.,소관={'보건복지부'} AND 지원형태_출연=TRUE -> unique 사업명 list up to 3,AI 모델을 활용한 항체 바이오베터 개발 및 실증(R&D) | AI기반 수술로봇 이노베이션랩 구축 및 활용 사업 | K-AI 신약개발 전임상·임상 모델개발(R&D),AI 모델을 활용한 항체 바이오베터 개발 및 실증(R&D) | AI기반 수술로봇 이노베이션랩 구축 및 활용 사업 | K-AI 신약개발 전임상·임상 모델개발(R&D) | 구조기반 AI신약개발 지원(R&D) | 국가통합바이오빅데이터구축(R&D) | 다기관-멀티모달 연합학습 기반 의료 인공지능 기술 시범모델 개발 | 보건의료데이터 상호운용성 지원 기술개발(R&D) | 응급실 특화 AI 기반 임상지원시스템 개발 | 의료 인공지능 특화 융합인재 양성사업(R&D) | 지역거점AX혁신기술개발 | 치매의료기술연구개발사업 | 치매전주기데이터수집및빅데이 터통합시스템구축사업(R&D),3,any_3_from_candidate_set,L2_realistic,abbreviation,support_type_filter,지역거점AX혁신기술개발 | K-AI 신약개발 전임상·임상 모델개발(R&D) | 구조기반 AI신약개발 지원(R&D),지역거점AX혁신기술개발(R&D) | 국가 통합 바이오 빅데이터 구축(R&D),AI 모델을 활용한 항체 바이오베터 개발 및 실증(R&D) | AI기반 수술로봇 이노베이션랩 구축 및 활용 사업 | K-AI 신약개발 전임상·임상 모델개발(R&D),"{""filter_conditions"": [{""column"": ""문서_소관기관"", ""operator"": ""=="", ""value"": ""복지부""}, {""column"": ""지원형태_출연"", ""operator"": ""=="", ""value"": true}], ""group_by"": null, ""aggregation"": null, ""sort_by"": null, ""limit"": 3, ""return_columns"": [""사업명""]}",ok,AI 모델을 활용한 항체 바이오베터 개발 및 실증(R&D) | AI기반 수술로봇 이노베이션랩 구축 및 활용 사업 | K-AI 신약개발 전임상·임상 모델개발(R&D),ok,한국형 수술질향상 프로젝트(K-NSQIP),ok
RV08,Reverse,해수부에서 출연 형태로 지원하는 사업 세 개만 알려줘.,해양수산부 소관이면서 지원형태가 출연인 사업을 3개 나열하시오.,소관={'해양수산부'} AND 지원형태_출연=TRUE -> unique 사업명 list up to 3,AI기반 스마트 어업관리 시스템 개발(R&D) | 고품질준실시간해양그리드 데이터서비스체계개발(R&D) | 머신러닝 기반 해저면 특성 분류 기술개발(R&D),AI기반 스마트 어업관리 시스템 개발(R&D) | 고품질준실시간해양그리드 데이터서비스체계개발(R&D) | 머신러닝 기반 해저면 특성 분류 기술개발(R&D) | 민군경AI기반해양영상융복합 분석기술개발(R&D) | 양식생물 생물보안체계 구축을 위한 기술 개발(R&D) | 한국형 연안재해 발생요인 예측기술 개발(R&D) | 해양수산융합형전문인력양성 사업(R&D) | 해양자원탐사를 위한 무인체계 기술개발(R&D),3,any_3_from_candidate_set,L2_realistic,abbreviation,support_type_filter,AI 완전자율운항선박 기술개발(R&D) | 순환적응형 연안침식 관리기술개발(R&D) | 수출입 물류항만-내륙연계 기술개발(R&D),499. 해양수산부_국제사회IUU어업 예방을 위한 원양어선전자모니터링기술개발(R&D) | 496. 해양수산부_AI 완전자율운항선박 기술개발사업(R&D) | 513. 해양수산부_지능형 빅데이터 분석기반 해양환경누적영향평가 및 의사결정 지원기술 개발사업(R&D),AI기반 스마트 어업관리 시스템 개발(R&D) | AI 완전자율운항선박 기술개발(R&D) | AI응용제품 신속상용화 지원사업,"{""filter_conditions"": [{""column"": ""문서_소관기관"", ""operator"": ""=="", ""value"": ""해수부""}, {""column"": ""지원형태_출연"", ""operator"": ""=="", ""value"": true}], ""group_by"": null, ""aggregation"": null, ""sort_by"": null, ""limit"": 3, ""return_columns"": [""사업명""]}",ok,AI기반 스마트 어업관리 시스템 개발(R&D) | AI 완전자율운항선박 기술개발(R&D) | AI응용제품 신속상용화 지원사업,ok,AI 완전자율운항선박 기술개발(R&D) | AI응용제품 신속상용화 지원사업 | 국제사회 IUU어업 예방을 위한 원양어선 전자 모니터링기술개발(R&D),ok
RV09,Reverse,과기정통부에서 국고보조 형태로 지원하는 사업 3개만 알려줘.,과학기술 정보통신부 소관이면서 지원형태가 보조인 사업을 3개 나열하시오.,소관={'과학기술 정보통신부'} AND 지원형태_보조=TRUE -> unique 사업명 list up to 3,A I 융합 OTT 글로벌 진출 확산 지원 | 데이터 활용확산 정책지원 | 디지털배움터(세종),A I 융합 OTT 글로벌 진출 확산 지원 | 데이터 활용확산 정책지원 | 디지털배움터(세종) | 디지털배움터(자율) | 디지털배움터(제주) | 스마트빌리지 보급 및 확산 | 차세대특화망융합산업 활성화기반구축,3,any_3_from_candidate_set,L2_realistic,abbreviation,support_type_filter,알 수 없음,알 수 없음,A I 융합 OTT 글로벌 진출 확산 지원 | AI통합바우처 | 데이터 활용확산 정책지원,"{""filter_conditions"": [{""column"": ""문서_소관기관"", ""operator"": ""=="", ""value"": ""과기정통부""}, {""column"": ""지원형태_보조"", ""operator"": ""=="", ""value"": true}], ""group_by"": null, ""aggregation"": null, ""sort_by"": null, ""limit"": 3, ""return_columns"": [""사업명""]}",ok,A I 융합 OTT 글로벌 진출 확산 지원 | AI통합바우처 | 데이터 활용확산 정책지원,ok,A I 융합 OTT 글로벌 진출 확산 지원 | AI통합바우처 | 데이터 활용확산 정책지원,ok
RV10,Reverse,중기부에서 출연 형태로 지원하는 사업 세 개만 알려줘.,중소벤처기업부 소관이면서 지원형태가 출연인 사업을 3개 나열하시오.,소관={'중소벤처기업부'} AND 지원형태_출연=TRUE -> unique 사업명 list up to 3,데이터 인프라구축(정보화) | 스마트 제조혁신 기술개발사업(R&D) | 중소기업 스마트서비스 지원,데이터 인프라구축(정보화) | 스마트 제조혁신 기술개발사업(R&D) | 중소기업 스마트서비스 지원 | 중소제조 특화 Multi AI Agent 개발(R&D) | 지역특화 제조데이터 활성화 | 창업성장기술개발(R&D) | 투·융자연계기술개발(R&D) | 표준공정 기반 공정최적화 기술개발(R&D),3,any_3_from_candidate_set,L2_realistic,abbreviation,support_type_filter,표준공정 기반 공정최적화 기술개발(R&D) | 스마트 제조혁신 기술개발사업(R&D) | 중소제조 특화 Multi AI Agent 개발(R&D),483. 중소벤처기업부_표준공정 기반 공정최적화 기술개발(R&D) | 471. 중소벤처기업부_스마트 제조혁신 기술개발사업(R&D) | 477. 중소벤처기업부_중소제조 특화 Multi AI Agent개발(R&D),ICT융합스마트공장보급·확산 | 데이터 인프라구축(정보화) | 스마트 제조혁신 기술개발사업(R&D),"{""filter_conditions"": [{""column"": ""문서_소관기관"", ""operator"": ""=="", ""value"": ""중기부""}, {""column"": ""지원형태_출연"", ""operator"": ""=="", ""value"": true}], ""group_by"": null, ""aggregation"": null, ""sort_by"": null, ""limit"": 3, ""return_columns"": [""사업명""]}",ok,ICT융합스마트공장보급·확산 | 데이터 인프라구축(정보화) | 스마트 제조혁신 기술개발사업(R&D),ok,ICT융합스마트공장보급·확산 | 데이터 인프라구축(정보화) | 스마트 제조혁신 기술개발사업(R&D),ok
RV11,Reverse,산림청에서 출연 형태로 지원하는 사업 3개만 알려줘.,산림청 소관이면서 지원형태가 출연인 사업을 3개 나열하시오.,소관={'산림청'} AND 지원형태_출연=TRUE -> unique 사업명 list up to 3,AI 기반 임도 설계 및 유지관리 최적화 기술개발(R&D) | 고성능 목재수확 기계장비 개발(R&D) | 대형산불 대응 지능형 솔루션 기술개발(R&D),AI 기반 임도 설계 및 유지관리 최적화 기술개발(R&D) | 고성능 목재수확 기계장비 개발(R&D) | 대형산불 대응 지능형 솔루션 기술개발(R&D) | 디지털 기반 산림 우수종자 생산공급 기술개발(R&D) | 산림분야 그린바이오 미래형 가치사슬 기술개발(R&D) | 산사태 현장대응 기술개발(R&D) | 임업현장 맞춤형 푸드테크 기술개발(R&D),3,any_3_from_candidate_set,L2_realistic,surface_rewrite,support_type_filter,대형산불 대응 지능형 솔루션 기술개발(R&D) | 산림분야 그린바이오 미래형 가치사슬 기술개발(R&D) | AI 기반 임도 설계 및 유지관리 최적화 기술개발(R&D),393. 산림청_대형산불 대응 지능형 솔루션 기술개발(R&D) | 396. 산림청_산림분야 그린바이오 미래형 가치사슬 기술개발(R&D) | 391. 산림청_AI 기반 임도 설계 및 유지관리 최적화 기술개발(R&D),AI 기반 임도 설계 및 유지관리 최적화 기술개발(R&D) | 고성능 목재수확 기계장비 개발(R&D) | 대형산불 대응 지능형 솔루션 기술개발(R&D),"{""filter_conditions"": [{""column"": ""문서_소관기관"", ""operator"": ""=="", ""value"": ""산림청""}, {""column"": ""지원형태_출연"", ""operator"": ""=="", ""value"": true}], ""group_by"": null, ""aggregation"": null, ""sort_by"": null, ""limit"": 3, ""return_columns"": [""사업명""]}",ok,AI 기반 임도 설계 및 유지관리 최적화 기술개발(R&D) | 고성능 목재수확 기계장비 개발(R&D) | 대형산불 대응 지능형 솔루션 기술개발(R&D),ok,AI 기반 임도 설계 및 유지관리 최적화 기술개발(R&D) | 고성능 목재수확 기계장비 개발(R&D) | 대형산불 대응 지능형 솔루션 기술개발(R&D),ok
RV12,Reverse,경찰청에서 출연 형태로 지원하는 사업 중 3개만 알려줘.,경찰청 소관이면서 지원형태가 출연인 사업을 3개 나열하시오.,소관={'경찰청'} AND 지원형태_출연=TRUE -> unique 사업명 list up to 3,과학기술기반군중 밀집관리기술개 발(R&D) | 과학적범죄수사고도화 기술개발(R&D) | 불법마약류대응을위한 현장기술개발(R&D),과학기술기반군중 밀집관리기술개 발(R&D) | 과학적범죄수사고도화 기술개발(R&D) | 불법마약류대응을위한 현장기술개발(R&D) | 사이버범죄수사단서통합분석 및추론시스템개발(R&D) | 사이버수사지원기술개발 (R&D) | 차세대지능형순찰플랫폼개발 (R&D) | 치안데이터활용기술개발 (R&D),3,any_3_from_candidate_set,L2_realistic,surface_rewrite,support_type_filter,차세대지능형순찰플랫폼개발 (R&D) | 과학적범죄수사고도화 기술개발(R&D) | 불법마약류대응을위한 현장기술개발(R&D),13. 경찰청_차세대지능형순찰플랫폼개발(R&D) | 9. 경찰청_과학적 범죄수사 고도화 기술 개발(R&D),과학기술기반군중 밀집관리기술개 발(R&D) | 과학적범죄수사고도화 기술개발(R&D) | 불법마약류대응을위한 현장기술개발(R&D),"{""filter_conditions"": [{""column"": ""문서_소관기관"", ""operator"": ""=="", ""value"": ""경찰청""}, {""column"": ""지원형태_출연"", ""operator"": ""=="", ""value"": true}], ""group_by"": null, ""aggregation"": null, ""sort_by"": null, ""limit"": 3, ""return_columns"": [""사업명""]}",ok,과학기술기반군중 밀집관리기술개 발(R&D) | 과학적범죄수사고도화 기술개발(R&D) | 불법마약류대응을위한 현장기술개발(R&D),ok,과학기술기반군중 밀집관리기술개 발(R&D) | 과학적범죄수사고도화 기술개발(R&D) | 불법마약류대응을위한 현장기술개발(R&D),ok
RV13,Reverse,문체부에서 출연 형태로 지원하는 사업 3개만 알려줄래?,문화체육관광부 소관이면서 지원형태가 출연인 사업을 3개 나열하시오.,소관={'문화체육관광부'} AND 지원형태_출연=TRUE -> unique 사업명 list up to 3,AI 기반 관광 혁신 연구개발(R&D) | 개인운동기록 활용 기술 개발(R&D) | 문화공간 AX 전환을 위한 차세대 Culture Tech개발(R&D),AI 기반 관광 혁신 연구개발(R&D) | 개인운동기록 활용 기술 개발(R&D) | 문화공간 AX 전환을 위한 차세대 Culture Tech개발(R&D) | 문화기술 전문인력양성사업(R&D) | 문화예술 온톨로지 기반 LLM연계 기술개발(R&D) | 인공지능 기반 공연예술 안전환경 구축 핵심기술 개발(R&D),3,any_3_from_candidate_set,L2_realistic,abbreviation,support_type_filter,문화예술 온톨로지 기반 LLM연계 기술개발(R&D) | AI 기반 관광 혁신 연구개발(R&D),353. 문화체육관광부_문화예술 온톨로지 기반 LLM연계 기술개발(R&D) | 348. 문화체육관광부_AI기반 관광 혁신 기술개발(R&D) | 알 수 없음,AI 기반 관광 혁신 연구개발(R&D) | 개인운동기록 활용 기술 개발(R&D) | 문화공간 AX 전환을 위한 차세대 Culture Tech개발(R&D),"{""filter_conditions"": [{""column"": ""문서_소관기관"", ""operator"": ""=="", ""value"": ""문체부""}, {""column"": ""지원형태_출연"", ""operator"": ""=="", ""value"": true}], ""group_by"": null, ""aggregation"": null, ""sort_by"": null, ""limit"": 3, ""return_columns"": [""사업명""]}",ok,AI 기반 관광 혁신 연구개발(R&D) | 문화공간 AX 전환을 위한 차세대 Culture Tech개발(R&D) | 문화기술 전문인력양성사업(R&D),ok,AI 기반 관광 혁신 연구개발(R&D) | 문화공간 AX 전환을 위한 차세대 Culture Tech개발(R&D) | 문화기술 전문인력양성사업(R&D),ok
RV14,Reverse,농촌진흥청에서 직접 지원하는 사업 세 개만 알려줘.,농촌진흥청 소관이면서 지원형태가 직접인 사업을 3개 나열하시오.,소관={'농촌진흥청'} AND 지원형태_직접=TRUE -> unique 사업명 list up to 3,AI기반작물모니터링및진단 플랫폼개발(R&D) | 국경 이동성 해충의 국제 발생 예측 및 방제기술 개발(R&D) | 농작업안전관리기술및웨어러 블편이장비개발(R&D),AI기반작물모니터링및진단 플랫폼개발(R&D) | 국경 이동성 해충의 국제 발생 예측 및 방제기술 개발(R&D) | 농작업안전관리기술및웨어러 블편이장비개발(R&D) | 데이터기반농업관측을위한 위성영상활용기술개발(R&D) | 지능형농업로봇핵심기반기술 개발(R&D) | 특용작물유래천연활성바이오 소재생산및활용기술개발(R&D),3,any_3_from_candidate_set,L2_realistic,surface_rewrite,support_type_filter,국경 이동성 해충의 국제 발생 예측 및 방제기술 개발(R&D) | 지능형농업로봇핵심기반기술 개발(R&D) | AI기반작물모니터링및진단 플랫폼개발(R&D),338. 농촌진흥청_국경이동성해충의국제발생예측및방제기술개발(R&D) | 337. 농촌진흥청_AI기반작물모니터링및진단플랫폼개발(R&D) | 343. 농촌진흥청_지능형농업로봇핵심기반기술개발(R&D),AI기반작물모니터링및진단 플랫폼개발(R&D) | 국경 이동성 해충의 국제 발생 예측 및 방제기술 개발(R&D) | 농업기술정보화(정보화),"{""filter_conditions"": [{""column"": ""문서_소관기관"", ""operator"": ""=="", ""value"": ""농촌진흥청""}, {""column"": ""지원형태_직접"", ""operator"": ""=="", ""value"": true}], ""group_by"": null, ""aggregation"": null, ""sort_by"": null, ""limit"": 3, ""return_columns"": [""사업명""]}",ok,AI기반작물모니터링및진단 플랫폼개발(R&D) | 국경 이동성 해충의 국제 발생 예측 및 방제기술 개발(R&D) | 농업기술정보화(정보화),ok,AI기반작물모니터링및진단 플랫폼개발(R&D) | 국경 이동성 해충의 국제 발생 예측 및 방제기술 개발(R&D) | 농업기술정보화(정보화),ok
RV15,Reverse,교육부에서 출연 형태로 지원하는 사업 3개만 알려줘.,교육부 소관이면서 지원형태가 출연인 사업을 3개 나열하시오.,소관={'교육부'} AND 지원형태_출연=TRUE -> unique 사업명 list up to 3,4단계 두뇌한국21 사업 | 국립대학육성사업 | 산학연협력 고도화 지원,4단계 두뇌한국21 사업 | 국립대학육성사업 | 산학연협력 고도화 지원 | 소프트웨어인재양성기반구축 | 한국장학재단 출연 | 한국형 온라인 공개강좌 콘텐츠 개발 및 활용 활성화,3,any_3_from_candidate_set,L2_realistic,surface_rewrite,support_type_filter,국립대학육성사업,226. 교육부_산학연협력 고도화 지원 | 223. 교육부_국립대학육성사업 | 227. 교육부_소프트웨어인재양성기반구축,4단계 두뇌한국21 사업 | 국립대학육성사업 | 대학생 AI 기본 교육 지원,"{""filter_conditions"": [{""column"": ""문서_소관기관"", ""operator"": ""=="", ""value"": ""교육부""}, {""column"": ""지원형태_출연"", ""operator"": ""=="", ""value"": true}], ""group_by"": null, ""aggregation"": null, ""sort_by"": null, ""limit"": 3, ""return_columns"": [""사업명""]}",ok,4단계 두뇌한국21 사업 | 국립대학육성사업 | 대학생 AI 기본 교육 지원,ok,4단계 두뇌한국21 사업 | 국립대학육성사업 | 대학생 AI 기본 교육 지원,ok
RV16,Reverse,농식품부에서 출연 형태로 지원하는 사업 세 개만 알려줘.,농림축산식품부 소관이면서 지원형태가 출연인 사업을 3개 나열하시오.,소관={'농림축산식품부'} AND 지원형태_출연=TRUE -> unique 사업명 list up to 3,AX기반지능형농작업협업 산업화기술개발(R&D) | K-수직농장세계화프로젝트(R&D) | 고부가가치식품기술개발(R&D),AX기반지능형농작업협업 산업화기술개발(R&D) | K-수직농장세계화프로젝트(R&D) | 고부가가치식품기술개발(R&D) | 농업농촌국민체감AX전환 기술개발(R&D) | 반려동물난치성질환극복 기술개발(R&D) | 스마트팜다부처패키지 혁신기술개발(R&D),3,any_3_from_candidate_set,L2_realistic,abbreviation,support_type_filter,스마트팜다부처패키지 혁신기술개발(R&D),336. 농림축산식품부_스마트팜다부처패키지혁신기술개발(R&D) | 334. 농림축산식품부_농업농촌국민체감AX전환기술개발(R&D),AX기반지능형농작업협업 산업화기술개발(R&D) | K-수직농장세계화프로젝트(R&D) | 고부가가치식품기술개발(R&D),"{""filter_conditions"": [{""column"": ""문서_소관기관"", ""operator"": ""=="", ""value"": ""농식품부""}, {""column"": ""지원형태_출연"", ""operator"": ""=="", ""value"": true}], ""group_by"": null, ""aggregation"": null, ""sort_by"": null, ""limit"": 3, ""return_columns"": [""사업명""]}",ok,AX기반지능형농작업협업 산업화기술개발(R&D) | K-수직농장세계화프로젝트(R&D) | 고부가가치식품기술개발(R&D),ok,AX기반지능형농작업협업 산업화기술개발(R&D) | K-수직농장세계화프로젝트(R&D) | 고부가가치식품기술개발(R&D),ok
RV17,Reverse,국가데이터처에서 직접 지원하는 사업 중 3개만 알려줘.,국가데이터처 소관이면서 지원형태가 직접인 사업을 3개 나열하시오.,소관={'국가데이터처'} AND 지원형태_직접=TRUE -> unique 사업명 list up to 3,통계DB통합 및 포털서비스 | 통계교육지원 | 통계데이터 분석 및 활용 지원(정보화),통계DB통합 및 포털서비스 | 통계교육지원 | 통계데이터 분석 및 활용 지원(정보화) | 통계센터 및 교육시설 운영 | 통계연구개발지원,3,any_3_from_candidate_set,L2_realistic,surface_rewrite,support_type_filter,통계데이터 분석 및 활용 지원(정보화),111. 과학기술정보통신부_데이터경제인프라구축,통계DB통합 및 포털서비스 | 통계교육지원 | 통계데이터 분석 및 활용 지원(정보화),"{""filter_conditions"": [{""column"": ""문서_소관기관"", ""operator"": ""=="", ""value"": ""국가데이터처""}, {""column"": ""지원형태_직접"", ""operator"": ""=="", ""value"": true}], ""group_by"": null, ""aggregation"": null, ""sort_by"": null, ""limit"": 3, ""return_columns"": [""사업명""]}",ok,통계DB통합 및 포털서비스 | 통계교육지원 | 통계데이터 분석 및 활용 지원(정보화),ok,통계DB통합 및 포털서비스 | 통계교육지원 | 통계데이터 분석 및 활용 지원(정보화),ok
RV18,Reverse,고용부에서 직접 지원하는 사업 중 3개만 알려줘.,고용노동부 소관이면서 지원형태가 직접인 사업을 3개 나열하시오.,소관={'고용노동부'} AND 지원형태_직접=TRUE -> unique 사업명 list up to 3,고용노동행정(정보화) | 내일배움카드(고보) | 내일배움카드(일반),고용노동행정(정보화) | 내일배움카드(고보) | 내일배움카드(일반) | 노동위원회정보화운영(정보화) | 직업능력개발심사평가,3,any_3_from_candidate_set,L2_realistic,abbreviation,support_type_filter,알 수 없음,고용노동부_디지털 기반의 고용서비스 인프라 지원(정보화) | 고용노동부_취약노동자지원 | 알 수 없음,고용노동행정(정보화) | 내일배움카드(고보) | 내일배움카드(일반),"{""filter_conditions"": [{""column"": ""문서_소관기관"", ""operator"": ""=="", ""value"": ""고용부""}, {""column"": ""지원형태_직접"", ""operator"": ""=="", ""value"": true}], ""group_by"": null, ""aggregation"": null, ""sort_by"": null, ""limit"": 3, ""return_columns"": [""사업명""]}",ok,고용노동행정(정보화) | 내일배움카드(고보) | 내일배움카드(일반),ok,고용노동행정(정보화) | 내일배움카드(고보) | 내일배움카드(일반),ok
RV19,Reverse,내년에 새로 하는 사업 중에서 출자 형태로 지원하는 사업 3개만 알려줘.,신규 사업이면서 지원형태가 출자인 사업을 3개 나열하시오.,사업성격_신규=TRUE AND 지원형태_출자=TRUE -> unique 사업명 list up to 3,AGI 준비 프로젝트 | 산업은행 출자(국민성장펀드) | 국가농업AX플랫폼,AGI 준비 프로젝트 | 산업은행 출자(국민성장펀드) | 국가농업AX플랫폼,3,any_3_from_candidate_set,L2_realistic,surface_rewrite,support_type_filter,국가농업AX플랫폼,431. 산업통상부_산업혁신인재성장지원(R&D),AGI 준비 프로젝트 | 산업은행 출자(국민성장펀드) | 국가농업AX플랫폼,"{""filter_conditions"": [{""column"": ""사업성격_신규"", ""operator"": ""=="", ""value"": true}, {""column"": ""지원형태_출자"", ""operator"": ""=="", ""value"": true}], ""group_by"": null, ""aggregation"": null, ""sort_by"": null, ""limit"": 3, ""return_columns"": [""사업명""]}",ok,AGI 준비 프로젝트 | 산업은행 출자(국민성장펀드) | 국가농업AX플랫폼,ok,AGI 준비 프로젝트 | 산업은행 출자(국민성장펀드) | 국가농업AX플랫폼,ok
RV21,Reverse,내년에 새로 시작하는 사업 중에서 보조사업으로 진행되는 것 3개만 알려줘.,신규 사업이면서 지원형태가 보조인 사업을 3개 나열하시오.,사업성격_신규=TRUE AND 지원형태_보조=TRUE -> unique 사업명 list up to 3,AI통합바우처 | 디지털배움터(세종) | 디지털배움터(자율),AI통합바우처 | 디지털배움터(세종) | 디지털배움터(자율) | 디지털배움터(제주) | 차세대특화망융합산업 활성화기반구축 | 대학생 AI 기본 교육 지원 | AI응용제품 신속 상용화 지원사업(국방) | 무안공항 차세대 전력망 구축 | AI 기반 분산전력망 산업 육성 | A I 응용제품 신속 상용화 지원사업(농업) | 국가농업AX플랫폼 | 저작권 및 AI 산업 상생협력 지원 | AI응용제품 신속 상용화 지원(보건) | AI응용제품 신속 상용화 지원(복지) | AI응용제품 신속 상용화 지원사업(식품·의료기기 등),3,any_3_from_candidate_set,L2_realistic,surface_rewrite,support_type_filter,AI응용제품 신속 상용화 지원(보건) | 국가농업AX플랫폼,333. 농림축산식품부_국가 농업 AX플랫폼 | 알 수 없음 | 알 수 없음,AI통합바우처 | 디지털배움터(세종) | 디지털배움터(자율),"{""filter_conditions"": [{""column"": ""사업성격_신규"", ""operator"": ""=="", ""value"": true}, {""column"": ""지원형태_보조"", ""operator"": ""=="", ""value"": true}], ""group_by"": null, ""aggregation"": null, ""sort_by"": null, ""limit"": 3, ""return_columns"": [""사업명""]}",ok,AI통합바우처 | 디지털배움터(세종) | 디지털배움터(자율),ok,AI통합바우처 | 디지털배움터(세종) | 디지털배움터(자율),ok
RV22,Reverse,통신 분야에서 내년에 새로 시작하는 사업 3개만 알려줘.,분야가 통신이면서 신규 사업인 것을 3개 나열하시오.,분야명={'통신'} AND 사업성격_신규=TRUE -> unique 사업명 list up to 3,4대 지역외 AX 대전환 기획 | AGI 준비 프로젝트 | AI AGENT 선도 국가 사업,4대 지역외 AX 대전환 기획 | AGI 준비 프로젝트 | AI AGENT 선도 국가 사업 | AI·공간컴퓨팅 창업 생태계 활성화 | AI 분야 오픈소스 생태계 조성 | AI-RAN 글로벌 선도 프로젝트(R&D) | AI·SW중심대학 | AI·블록체인융합기반자율형 고신뢰핵심기술개발(R&D) | AI기반개방형자율디지털트윈핵심 기술개발(R&D) | AI기반가상융합산업육성 | AI생태계보안내재화 핵심기술개발(R&D) | AI선박 특화 플랫폼 및 애플리케이션 개발·실증 | AI응용제품신속상용화지원사업 (보안·네트워크·생활 등) | AI 클라우드 경쟁력강화 기술개발(R&D) | AI통합바우처 | A I혁신을 위한 데이터안전활용 지원 | AI 활용 미인증 기자재 온라인 모니터링 시스템 구축 | AX혁신기업창의기술개발(R&D) | AX실증밸리조성(R&D) | ICT 전략융합 R&D 바우처 지원(R&D) | ICT기반 디지털서비스 탄소중립 혁신기술개발(R&D) | K-AI 네트워크 경쟁력 강화 | 가상융합기반피지컬AI 핵심기술개발(R&D) | 가상융합지능화핵심기술개발 (R&D) | 경량·저전력AI한계극복기술 개발(R&D) | 경쟁형 AI 혁신인재 성장 지원 | 고성능 AI(Hyper-AI) 네트워크 기반조성 사업 | 광주 AI 실증도시 실현(기본계획 수립 용역비) | 국가 AI데이터센터 고도화 | 국가 NPU전용 컴퓨팅센터 광주 설립(설계비) | 국가 데이터 인프라 기반 데이터 혁신(Data-X) 지원 | 국산 NPU 기반 AI CCTV 전환 | 데이터센터 네트워크 인프라 기술 선도사업(R&D) | 동대구벤처밸리 AI 테크포트 | 디지털헬스케어기반 AI 융합혁신 센터 구축 | 소프트웨어인재키움 | 실세계능동행동형에이전틱 AI기술개발(R&D) | 우편물류기술연구개발(R&D | 인간인지기반AI핵심원천기술 개발(R&D) | 인공지능 신뢰성 혁신 실증사업 | 자율행동체온디바이스 응용지원핵심기술개발(R&D) | 지역특화 AI 공간컴퓨팅 육성사업 | 차세대 네트워크 AI파운데이션 모델(NFM) 개발(R&D) | 차세대특화망융합산업 활성화기반구축 | 초거대산업AI연구지원(R&D) | 초고층 복합시설 복합재난관리 디지털플랫폼 기술개발 | 컴퓨터자원 집중형 인공지능 응용 기술개발(R&D) | 피지컬AI선도기술개발(R&D) | 해양문화도시 기반의 에이지테크 실증거점 조성,3,any_3_from_candidate_set,L2_realistic,surface_rewrite,new_continuing_project,AI-RAN 글로벌 선도 프로젝트(R&D) | 데이터센터 네트워크 인프라 기술 선도사업(R&D) | 국산 NPU 기반 AI CCTV 전환,183. 과학기술정보통신부_차세대네트워크(6G) 산업기술개발(R&D) | 103. 과학기술정보통신부_국산NPU기반 AI CCTV 전환 | 113. 과학기술정보통신부_데이터센터네트워크인프라기술선도사업(R&D),4대 지역외 AX 대전환 기획 | AGI 준비 프로젝트 | AI AGENT 선도 국가 사업,"{""filter_conditions"": [{""column"": ""분야명"", ""operator"": ""=="", ""value"": ""통신""}, {""column"": ""사업성격_신규"", ""operator"": ""=="", ""value"": true}], ""group_by"": null, ""aggregation"": null, ""sort_by"": {""column"": ""사업번호"", ""ascending"": true}, ""limit"": 3, ""return_columns"": [""사업명""]}",ok,4대 지역외 AX 대전환 기획 | AGI 준비 프로젝트 | AI AGENT 선도 국가 사업,ok,개인정보 안전활용 선도기술 개발(R&D) | 치안데이터활용기술개발 (R&D) | 4대 지역외 AX 대전환 기획,ok
RV23,Reverse,과학기술 분야에서 내년에 새로 시작하는 사업 3개만 알려줘.,분야가 과학기술이면서 신규 사업인 것을 3개 나열하시오.,분야명={'과학기술'} AND 사업성격_신규=TRUE -> unique 사업명 list up to 3,AI+S&T혁신기술개발(R&D) | AI-네이티브 첨단바이오 자율실험실(R&D) | AIxBio 혁신 연구거점 조성 시범사업(R&D),AI+S&T혁신기술개발(R&D) | AI-네이티브 첨단바이오 자율실험실(R&D) | AIxBio 혁신 연구거점 조성 시범사업(R&D) | AI기반디지털가상핵융합플랫 폼개발(R&D) | 강원 의료 AX 산업 실증 허브 조성 | 디지털 AI세포 구축(R&D) | 민관협력 기반 AI 휴머노이드 원천기술 고도화(R&D) | 불법 마약류 대응을 위한 현장기술 개발(R&D) | 생체노화 리프로그래밍 원천기술 개발 | 지역거점AX혁신기술개발(R&D) | 차세대 AI+S&T 기반 기술개발(R&D) | 첨단신약 타겟 발굴 검증 및 기반기술 개발(R&D) | 바이오·의료기술개발 | AI기반무탄소에너지핵심기술 개발(R&D) | 항공AI 안전성 확보를 위한 자율임무 신뢰성 보증기술 개발(R&D),3,any_3_from_candidate_set,L2_realistic,surface_rewrite,new_continuing_project,AIxBio 혁신 연구거점 조성 시범사업(R&D) | AI-RAN 글로벌 선도 프로젝트(R&D) | 극한지스마트광역탐사를위한 로봇-ICT융합기술개발(R&D),AIxBio 혁신 연구거점 조성 시범사업(R&D) | AI+S&T 혁신 기술 개발(R&D) | 알 수 없음,AI+S&T혁신기술개발(R&D) | AI-네이티브 첨단바이오 자율실험실(R&D) | AIxBio 혁신 연구거점 조성 시범사업(R&D),"{""filter_conditions"": [{""column"": ""분야명"", ""operator"": ""=="", ""value"": ""과학기술""}, {""column"": ""사업성격_신규"", ""operator"": ""=="", ""value"": true}], ""group_by"": null, ""aggregation"": null, ""sort_by"": {""column"": ""사업번호"", ""ascending"": true}, ""limit"": 3, ""return_columns"": [""사업명""]}",ok,4대 지역외 AX 대전환 기획 | AGI 준비 프로젝트 | AI AGENT 선도 국가 사업,ok,개인정보 안전활용 선도기술 개발(R&D) | 치안데이터활용기술개발 (R&D) | 4대 지역외 AX 대전환 기획,ok
RV24,Reverse,보건 분야에서 내년에 새로 시작하는 사업 3개만 알려줘.,분야가 보건이면서 신규 사업인 것을 3개 나열하시오.,분야명={'보건'} AND 사업성격_신규=TRUE -> unique 사업명 list up to 3,AI기반 수술로봇 이노베이션랩 구축 및 활용 사업 | AI응용제품 신속 상용화 지원(보건) | 구조기반 AI신약개발 지원(R&D),AI기반 수술로봇 이노베이션랩 구축 및 활용 사업 | AI응용제품 신속 상용화 지원(보건) | 구조기반 AI신약개발 지원(R&D) | 지역거점AX혁신기술개발 | 치매의료기술연구개발사업 | AI 기반 독성예측 평가기술 개발연구(R&D) | AI응용제품 신속 상용화 지원사업(식품·의료기기 등) | 중독자 데이터 기반 마약 중독 재활기술 개발연구(R&D) | 공공기관임무중심감염병연구 다부처협력사업(R&D),3,any_3_from_candidate_set,L2_realistic,surface_rewrite,new_continuing_project,AI응용제품 신속 상용화 지원(보건) | 지역거점AX혁신기술개발,373. 보건복지부_AI응용제품 신속 상용화 지원(보건) | 386. 보건복지부_지역거점AX혁신기술개발(R&D) | 377. 보건복지부_국가 통합 바이오 빅데이터 구축(R&D),AI기반 수술로봇 이노베이션랩 구축 및 활용 사업 | AI응용제품 신속 상용화 지원(보건) | 구조기반 AI신약개발 지원(R&D),"{""filter_conditions"": [{""column"": ""분야명"", ""operator"": ""=="", ""value"": ""보건""}, {""column"": ""사업성격_신규"", ""operator"": ""=="", ""value"": true}], ""group_by"": null, ""aggregation"": null, ""sort_by"": null, ""limit"": 3, ""return_columns"": [""사업명""]}",ok,AI기반 수술로봇 이노베이션랩 구축 및 활용 사업 | AI응용제품 신속 상용화 지원(보건) | AI응용제품 신속 상용화 지원(복지),ok,개인정보 안전활용 선도기술 개발(R&D) | 치안데이터활용기술개발 (R&D) | 4대 지역외 AX 대전환 기획,ok
RV25,Reverse,교통 및 물류 분야에서 내년에 새로 하는 사업 3개만 알려줘.,분야가 교통및물류이면서 신규 사업인 것을 3개 나열하시오.,분야명={'교통및물류'} AND 사업성격_신규=TRUE -> unique 사업명 list up to 3,AI응용제품 신속상용화 지원사업(국토·교통) | 건설전주기안전혁신기술개발 사업(R&D) | 공동주택건설생산성혁신을 위한다용도-건설작업로봇 설계및통합관리기술개발(R&D),AI응용제품 신속상용화 지원사업(국토·교통) | 건설전주기안전혁신기술개발 사업(R&D) | 공동주택건설생산성혁신을 위한다용도-건설작업로봇 설계및통합관리기술개발(R&D) | 공항조류탐지및한국형 조류관리핵심기술개발(R&D) | 디지털도로기반클라우드형AI -ITS센터플랫폼운영관리기술 개발사업(R&D) | 디지털트윈국토정보 보안기술개발(R&D) | 디지털트윈기반GTX환승안전 및혁신기술개발사업(R&D) | 빅데이터기반철도네트워크 설계및운영기술개발(R&D) | 스마트철도물류혁신기술개발 (R&D) | 운전자페달오조작방지및평가 기술개발(R&D) | 자율주행글로벌혁신클러스터 연구개발사업(R&D) | 지역단위재난위험도AI시뮬레 이션기반재난안전관리기술개 발(R&D) | 지역특화형자율주행서비스모 델및실증기술개발(R&D) | 철도차량차륜자동검사시스템 기술개발(R&D) | 초고층복합시설 복합재난관리디지털플랫폼 기술개발(R&D) | 초연결지능도시핵심 기반기술개발(R&D) | 극한지스마트광역탐사를위한 로봇-ICT융합기술개발(R&D) | 차세대 해양·극지의 환경 및 생태계에 관한 기후예측시스템 개발(R&D) | AI 완전자율운항선박 기술개발(R&D) | 민군경AI기반해양영상융복합 분석기술개발(R&D) | 양식생물 생물보안체계 구축을 위한 기술 개발(R&D) | 자율주행차 해상 수출입 서비스 기술개발(R&D) | 지능형 빅데이터 분석기반 해양환경누적영향평가 및 의사결정 지원기술 개발사업(R&D) | 탄소제로 수중데이터센터 표준모델 개발(R&D) | 해양배터리 특화 데이터 허브 플랫폼 구축 기술 개발 | 해양자원탐사를 위한 무인체계 기술개발(R&D),3,any_3_from_candidate_set,L2_realistic,surface_rewrite,new_continuing_project,극한지스마트광역탐사를위한 로봇-ICT융합기술개발(R&D) | 지역특화형자율주행서비스모델및실증기술개발(R&D),디지털트윈기반GTX환승안전및혁신기술개발사업(R&D) | 지역특화형자율주행서비스모델및실증기술개발(R&D) | 알 수 없음,AI 모빌리티 시범도시 조성 | AI응용제품 신속상용화 지원사업(국토·교통) | 건설전주기안전혁신기술개발 사업(R&D),"{""filter_conditions"": [{""column"": ""분야명"", ""operator"": ""=="", ""value"": ""교통 및 물류""}, {""column"": ""사업성격_신규"", ""operator"": ""=="", ""value"": true}], ""group_by"": null, ""aggregation"": null, ""sort_by"": {""column"": ""사업번호"", ""ascending"": true}, ""limit"": 3, ""return_columns"": [""사업명""]}",ok,,ok,개인정보 안전활용 선도기술 개발(R&D) | 치안데이터활용기술개발 (R&D) | 4대 지역외 AX 대전환 기획,ok
RV26,Reverse,보건 분야에서 출연 형태로 지원받는 사업 세 개만 알려줘.,분야가 보건이면서 지원형태가 출연인 사업을 3개 나열하시오.,분야명={'보건'} AND 지원형태_출연=TRUE -> unique 사업명 list up to 3,AI 모델을 활용한 항체 바이오베터 개발 및 실증(R&D) | AI기반 수술로봇 이노베이션랩 구축 및 활용 사업 | K-AI 신약개발 전임상·임상 모델개발(R&D),AI 모델을 활용한 항체 바이오베터 개발 및 실증(R&D) | AI기반 수술로봇 이노베이션랩 구축 및 활용 사업 | K-AI 신약개발 전임상·임상 모델개발(R&D) | 구조기반 AI신약개발 지원(R&D) | 국가통합바이오빅데이터구축(R&D) | 다기관-멀티모달 연합학습 기반 의료 인공지능 기술 시범모델 개발 | 보건의료데이터 상호운용성 지원 기술개발(R&D) | 응급실 특화 AI 기반 임상지원시스템 개발 | 의료 인공지능 특화 융합인재 양성사업(R&D) | 지역거점AX혁신기술개발 | 치매의료기술연구개발사업 | 한국형 수술질향상 프로젝트(K-NSQIP) | AI 기반 독성예측 평가기술 개발연구(R&D) | 신기술 적용 식품(푸드테크) 안전기술 지원 (R&D) | 중독자 데이터 기반 마약 중독 재활기술 개발연구(R&D),3,any_3_from_candidate_set,L2_realistic,surface_rewrite,support_type_filter,지역거점AX혁신기술개발 | 구조기반 AI신약개발 지원(R&D),386. 보건복지부_지역거점AX혁신기술개발(R&D) | 알 수 없음 | 알 수 없음,AI 모델을 활용한 항체 바이오베터 개발 및 실증(R&D) | AI기반 수술로봇 이노베이션랩 구축 및 활용 사업 | K-AI 신약개발 전임상·임상 모델개발(R&D),"{""filter_conditions"": [{""column"": ""분야명"", ""operator"": ""=="", ""value"": ""보건""}, {""column"": ""지원형태_출연"", ""operator"": ""=="", ""value"": true}], ""group_by"": null, ""aggregation"": null, ""sort_by"": null, ""limit"": 3, ""return_columns"": [""사업명""]}",ok,AI 모델을 활용한 항체 바이오베터 개발 및 실증(R&D) | AI기반 수술로봇 이노베이션랩 구축 및 활용 사업 | K-AI 신약개발 전임상·임상 모델개발(R&D),ok,개인정보 안전활용 선도기술 개발(R&D) | 신뢰기반의 AI 개인정보 보호·활용 기술개발(R&D) | 안전한 데이터 활용 지원,ok
RV27,Reverse,보건 분야에서 직접 지원하는 사업 세 개만 알려줘.,분야가 보건이면서 지원형태가 직접인 사업을 3개 나열하시오.,분야명={'보건'} AND 지원형태_직접=TRUE -> unique 사업명 list up to 3,바이오헬스산업 육성 지원 | 발달장애디지털치료제개발(R&D) | 식의약품 안전정보체계 선진화(정보화),바이오헬스산업 육성 지원 | 발달장애디지털치료제개발(R&D) | 식의약품 안전정보체계 선진화(정보화) | 국가통합바이오빅데이터구축 사업II(R&D) | 헬스케어 이종데이터 활용체계 및 인공지능 개발(R&D),3,any_3_from_candidate_set,L2_realistic,surface_rewrite,support_type_filter,한의약산업육성 | 의료데이터 중심병원 지원사업 | 바이오헬스산업 육성 지원,379. 보건복지부_바이오헬스산업 육성 지원 | 390. 보건복지부_한의약산업육성 | 385. 보건복지부_의료데이터 중심병원 지원사업,바이오헬스산업 육성 지원 | 발달장애디지털치료제개발(R&D) | 의료데이터 중심병원 지원사업,"{""filter_conditions"": [{""column"": ""분야명"", ""operator"": ""=="", ""value"": ""보건""}, {""column"": ""지원형태_직접"", ""operator"": ""=="", ""value"": true}], ""group_by"": null, ""aggregation"": null, ""sort_by"": null, ""limit"": 3, ""return_columns"": [""사업명""]}",ok,AI 모델을 활용한 항체 바이오베터 개발 및 실증(R&D) | AI기반 수술로봇 이노베이션랩 구축 및 활용 사업 | AI응용제품 신속 상용화 지원(보건),ok,전산운영경비(정보화) | 112시스템운영(정보화) | 경찰정보화기반고도화(정보화),ok
RV28,Reverse,농림수산 분야에서 출연 형태로 지원받는 사업 세 개만 알려줘.,분야가 농림수산이면서 지원형태가 출연인 사업을 3개 나열하시오.,분야명={'농림수산'} AND 지원형태_출연=TRUE -> unique 사업명 list up to 3,AX기반지능형농작업협업 산업화기술개발(R&D) | K-수직농장세계화프로젝트(R&D) | 고부가가치식품기술개발(R&D),AX기반지능형농작업협업 산업화기술개발(R&D) | K-수직농장세계화프로젝트(R&D) | 고부가가치식품기술개발(R&D) | 농업농촌국민체감AX전환 기술개발(R&D) | 반려동물난치성질환극복 기술개발(R&D) | 스마트팜다부처패키지 혁신기술개발(R&D) | AI 기반 임도 설계 및 유지관리 최적화 기술개발(R&D) | 고성능 목재수확 기계장비 개발(R&D) | 대형산불 대응 지능형 솔루션 기술개발(R&D) | 디지털 기반 산림 우수종자 생산공급 기술개발(R&D) | 산림분야 그린바이오 미래형 가치사슬 기술개발(R&D) | 산사태 현장대응 기술개발(R&D) | 임업현장 맞춤형 푸드테크 기술개발(R&D) | AI기반 스마트 어업관리 시스템 개발(R&D),3,any_3_from_candidate_set,L2_realistic,surface_rewrite,support_type_filter,스마트팜다부처패키지 혁신기술개발(R&D),336. 농림축산식품부_스마트팜다부처패키지혁신기술개발(R&D) | 334. 농림축산식품부_농업농촌국민체감AX전환기술개발(R&D),AX기반지능형농작업협업 산업화기술개발(R&D) | K-수직농장세계화프로젝트(R&D) | 고부가가치식품기술개발(R&D),"{""filter_conditions"": [{""column"": ""분야명"", ""operator"": ""=="", ""value"": ""농림수산""}, {""column"": ""지원형태_출연"", ""operator"": ""=="", ""value"": true}], ""group_by"": null, ""aggregation"": null, ""sort_by"": null, ""limit"": 3, ""return_columns"": [""사업명""]}",ok,,ok,개인정보 안전활용 선도기술 개발(R&D) | 신뢰기반의 AI 개인정보 보호·활용 기술개발(R&D) | 안전한 데이터 활용 지원,ok
RV29,Reverse,농림수산 분야에서 직접 지원하는 사업 3개만 알려줄래?,분야가 농림수산이면서 지원형태가 직접인 사업을 3개 나열하시오.,분야명={'농림수산'} AND 지원형태_직접=TRUE -> unique 사업명 list up to 3,검역본부정보화(정보화) | AI기반작물모니터링및진단 플랫폼개발(R&D) | 국경 이동성 해충의 국제 발생 예측 및 방제기술 개발(R&D),검역본부정보화(정보화) | AI기반작물모니터링및진단 플랫폼개발(R&D) | 국경 이동성 해충의 국제 발생 예측 및 방제기술 개발(R&D) | 농작업안전관리기술및웨어러 블편이장비개발(R&D) | 데이터기반농업관측을위한 위성영상활용기술개발(R&D) | 지능형농업로봇핵심기반기술 개발(R&D) | 특용작물유래천연활성바이오 소재생산및활용기술개발(R&D) | 산림과학연구(R&D) | 생태계 기반 수산정책 지원 기술 개발(R&D) | 스마트수산업 응용기술 국산화 및 실증연구(R&D),3,any_3_from_candidate_set,L2_realistic,surface_rewrite,support_type_filter,지능형농업로봇핵심기반기술 개발(R&D) | AI기반작물모니터링및진단 플랫폼개발(R&D) | 국경 이동성 해충의 국제 발생 예측 및 방제기술 개발(R&D),농촌진흥청_AI기반작물모니터링및진단플랫폼개발(R&D),검역본부정보화(정보화) | AI기반작물모니터링및진단 플랫폼개발(R&D) | 국경 이동성 해충의 국제 발생 예측 및 방제기술 개발(R&D),"{""filter_conditions"": [{""column"": ""분야명"", ""operator"": ""=="", ""value"": ""농림수산""}, {""column"": ""지원형태_직접"", ""operator"": ""=="", ""value"": true}], ""group_by"": null, ""aggregation"": null, ""sort_by"": null, ""limit"": 3, ""return_columns"": [""사업명""]}",ok,,ok,전산운영경비(정보화) | 112시스템운영(정보화) | 경찰정보화기반고도화(정보화),ok
RV30,Reverse,공공질서및안전 분야에서 출연 형태로 지원받는 사업 세 개만 알려줘.,분야가 공공질서및안전이면서 지원형태가 출연인 사업을 3개 나열하시오.,분야명={'공공질서및안전'} AND 지원형태_출연=TRUE -> unique 사업명 list up to 3,과학기술기반군중 밀집관리기술개 발(R&D) | 과학적범죄수사고도화 기술개발(R&D) | 불법마약류대응을위한 현장기술개발(R&D),과학기술기반군중 밀집관리기술개 발(R&D) | 과학적범죄수사고도화 기술개발(R&D) | 불법마약류대응을위한 현장기술개발(R&D) | 사이버범죄수사단서통합분석 및추론시스템개발(R&D) | 사이버수사지원기술개발 (R&D) | 차세대지능형순찰플랫폼개발 (R&D) | 치안데이터활용기술개발 (R&D) | 재범징후의 선제적 감지 및 대응력 강화(R&D) | AI기반해양재난대응체계 CDX기술개발(R&D) | 차세대디지털VTS국제표준 서비스및장비개발(R&D) | 드론·SAR및디지털트윈연계 급경사지위험성분석기술개발 (R&D) | 재난 및 안전관리 연구개발(R&D) | 재난안전부처협력기술개발(R&D),3,any_3_from_candidate_set,L2_realistic,surface_rewrite,support_type_filter,차세대지능형순찰플랫폼개발 (R&D),알 수 없음.,과학기술기반군중 밀집관리기술개 발(R&D) | 과학적범죄수사고도화 기술개발(R&D) | 불법마약류대응을위한 현장기술개발(R&D),"{""filter_conditions"": [{""column"": ""분야명"", ""operator"": ""=="", ""value"": ""공공질서및안전""}, {""column"": ""지원형태_출연"", ""operator"": ""=="", ""value"": true}], ""group_by"": null, ""aggregation"": null, ""sort_by"": null, ""limit"": 3, ""return_columns"": [""사업명""]}",ok,,ok,개인정보 안전활용 선도기술 개발(R&D) | 신뢰기반의 AI 개인정보 보호·활용 기술개발(R&D) | 안전한 데이터 활용 지원,ok
RV31,Reverse,공공질서 및 안전 분야에서 직접 지원하는 사업 세 개만 알려줘.,분야가 공공질서및안전이면서 지원형태가 직접인 사업을 3개 나열하시오.,분야명={'공공질서및안전'} AND 지원형태_직접=TRUE -> unique 사업명 list up to 3,112시스템운영(정보화) | 경찰정보화기반고도화(정보화) | 과학수사시스템구축(정보화),112시스템운영(정보화) | 경찰정보화기반고도화(정보화) | 과학수사시스템구축(정보화) | 형사･교통･여성청소년범죄 수사역량강화 | 사법업무전산화(정보화) | 검찰업무정보화(정보화) | 법무행정정보화(정보화) | 해양경찰정보화관리(정보화) | 해양안전시스템구축관리(정보화) | 재난안전 AI 관제체계 및 데이터 구축(정보화),3,any_3_from_candidate_set,L2_realistic,surface_rewrite,support_type_filter,소방정보시스템구축(정보화) | 해양경찰정보화관리(정보화) | 재난안전 AI 관제체계 및 데이터 구축(정보화),452. 소방청_119빅데이터 분석운영 | 453. 소방청_소방정보시스템구축(정보화),112시스템운영(정보화) | 경찰정보화기반고도화(정보화) | 과학수사시스템구축(정보화),"{""filter_conditions"": [{""column"": ""분야명"", ""operator"": ""=="", ""value"": ""공공질서 및 안전""}, {""column"": ""지원형태_직접"", ""operator"": ""=="", ""value"": true}], ""group_by"": null, ""aggregation"": null, ""sort_by"": null, ""limit"": 3, ""return_columns"": [""사업명""]}",ok,,ok,전산운영경비(정보화) | 112시스템운영(정보화) | 경찰정보화기반고도화(정보화),ok
CF07,ComplexFilter,과기정통부 소관 사업 중에서 지원형태가 출연인 것 중 2026년 예산이 50000백만원 이상인 사업 3개만 알려줘.,과학기술 정보통신부 소관이면서 지원형태가 출연이고 2026년 예산이 50000백만원 이상인 사업을 3개 나열하시오.,소관={'과학기술 정보통신부'} AND 지원형태_출연=TRUE AND 예산총괄표_2026열2(백만원)>=50000 -> unique 사업명 list up to 3,AI컴퓨팅자원활용기반강화 | 바이오·의료기술개발 | 국가과학기술연구회 연구운영비 지원(R&D),AI컴퓨팅자원활용기반강화 | 바이오·의료기술개발 | 국가과학기술연구회 연구운영비 지원(R&D) | 한국과학기술원 연구운영비 지원(R&D) | 한국과학기술연구원 연구운영비 지원(R&D) | 한국원자력연구원 연구 운영비 지원(R&D) | 한국전자통신연구원 연구운영비 지원(R&D) | 한국생산기술연구원 연구운영비지원(R&D) | 정보통신방송혁신인재양성 | 울산과학기술원 연구운영비 지원(R&D),3,any_3_from_candidate_set,L2_realistic,abbreviation,support_type_filter,알 수 없음,한국생산기술연구원연구운영비지원(R&D) | 한국과학기술정보연구원 연구 운영비 지원(R&D),AI컴퓨팅자원활용기반강화 | 바이오·의료기술개발 | 국가과학기술연구회 연구운영비 지원(R&D),"{""filter_conditions"": [{""column"": ""소관"", ""operator"": ""=="", ""value"": ""과기정통부""}, {""column"": ""지원형태_출연"", ""operator"": ""=="", ""value"": true}, {""column"": ""예산총괄표_2026열1(백만원)"", ""operator"": "">="", ""value"": 50000}], ""group_by"": null, ""aggregation"": null, ""sort_by"": {""column"": ""예산총괄표_2026열1(백만원)"", ""ascending"": false}, ""limit"": 3, ""return_columns"": [""사업명""]}",ok,AI반도체실증지원 | AI·SW중심대학 | AI컴퓨팅자원활용기반강화,ok,AI반도체실증지원 | AI·SW중심대학 | AI컴퓨팅자원활용기반강화,ok
CF08,ComplexFilter,산업부 관할로 지원 방식이 출연인 2026년 예산이 5만 백만원 이상인 사업 3개를 알려줘.,산업통상부 소관이면서 지원형태가 출연이고 2026년 예산이 50000백만원 이상인 사업을 3개 나열하시오.,소관={'산업통상부'} AND 지원형태_출연=TRUE AND 예산총괄표_2026열2(백만원)>=50000 -> unique 사업명 list up to 3,산업단지환경조성 | 자동차산업기술개발(R&D) | 산업혁신기반구축(R&D),산업단지환경조성 | 자동차산업기술개발(R&D) | 산업혁신기반구축(R&D) | 산업기술국제협력(R&D) | 기계장비산업기술개발(R&D) | 산업혁신인재성장지원(R&D) | 소재부품산업 기술개발기반구축(R&D) | 조선해양산업기술개발(R&D) | 로봇산업기술개발(R&D) | K-온디바이스AI반도체 기술개발(R&D),3,any_3_from_candidate_set,L2_realistic,abbreviation,support_type_filter,435 | 413,435. 산업통상부_소재부품산업기술개발기반구축(R&D) | 431. 산업통상부_산업혁신인재성장지원(R&D) | 413. 산업통상부_기계장비산업기술개발(R&D),알 수 없음,"{""filter_conditions"": [{""column"": ""실국(기관)"", ""operator"": ""=="", ""value"": ""산업부""}, {""column"": ""지원형태_출연"", ""operator"": ""=="", ""value"": true}, {""column"": ""예산총괄표_2026열1(백만원)"", ""operator"": "">="", ""value"": 50000}], ""group_by"": null, ""aggregation"": null, ""sort_by"": {""column"": ""예산총괄표_2026열1(백만원)"", ""ascending"": false}, ""limit"": 3, ""return_columns"": [""사업명""]}",ok,AI응용제품신속상용화지원사업 | K-온디바이스AI반도체 기술개발(R&D) | 국가로봇테스트필드사업(R&D),ok,AI응용제품신속상용화지원사업 | K-온디바이스AI반도체 기술개발(R&D) | 국가로봇테스트필드사업(R&D),ok
CF09,ComplexFilter,과기정통부 소관으로 지원형태가 출연인 사업 중 2026년 예산이 10만 백만원 이상인 사업 3개를 알려줘.,과학기술 정보통신부 소관이면서 지원형태가 출연이고 2026년 예산이 100000백만원 이상인 사업을 3개 나열하시오.,소관={'과학기술 정보통신부'} AND 지원형태_출연=TRUE AND 예산총괄표_2026열2(백만원)>=100000 -> unique 사업명 list up to 3,AI컴퓨팅자원활용기반강화 | 바이오·의료기술개발 | 국가과학기술연구회 연구운영비 지원(R&D),AI컴퓨팅자원활용기반강화 | 바이오·의료기술개발 | 국가과학기술연구회 연구운영비 지원(R&D) | 한국과학기술원 연구운영비 지원(R&D) | 한국과학기술연구원 연구운영비 지원(R&D) | 한국원자력연구원 연구 운영비 지원(R&D) | 한국전자통신연구원 연구운영비 지원(R&D) | 한국생산기술연구원 연구운영비지원(R&D) | 정보통신방송혁신인재양성 | 울산과학기술원 연구운영비 지원(R&D),3,any_3_from_candidate_set,L2_realistic,abbreviation,support_type_filter,차세대 네트워크(6G) 산업 기술개발,한국뇌연구원 연구운영비 지원(R&D) 40369백만원 | 차세대네트워크(6G) 산업기술개발(R&D) 106754백만원,AI컴퓨팅자원활용기반강화 | 바이오·의료기술개발 | 국가과학기술연구회 연구운영비 지원(R&D),"{""filter_conditions"": [{""column"": ""소관"", ""operator"": ""=="", ""value"": ""과기정통부""}, {""column"": ""지원형태_출연"", ""operator"": ""=="", ""value"": true}, {""column"": ""예산총괄표_2026열1(백만원)"", ""operator"": "">="", ""value"": 100000}], ""group_by"": null, ""aggregation"": null, ""sort_by"": {""column"": ""예산총괄표_2026열1(백만원)"", ""ascending"": false}, ""limit"": 3, ""return_columns"": [""사업명""]}",ok,AI반도체실증지원 | AI·SW중심대학 | AI컴퓨팅자원활용기반강화,ok,AI반도체실증지원 | AI·SW중심대학 | AI컴퓨팅자원활용기반강화,ok
CF10,ComplexFilter,"산업부 소관으로 출연 형태의 지원을 받으며 2026년 예산이 100,000백만원 이상인 사업 세 개를 알려줘.",산업통상부 소관이면서 지원형태가 출연이고 2026년 예산이 100000백만원 이상인 사업을 3개 나열하시오.,소관={'산업통상부'} AND 지원형태_출연=TRUE AND 예산총괄표_2026열2(백만원)>=100000 -> unique 사업명 list up to 3,산업단지환경조성 | 자동차산업기술개발(R&D) | 산업혁신기반구축(R&D),산업단지환경조성 | 자동차산업기술개발(R&D) | 산업혁신기반구축(R&D) | 산업기술국제협력(R&D) | 기계장비산업기술개발(R&D) | 산업혁신인재성장지원(R&D) | 소재부품산업 기술개발기반구축(R&D) | 조선해양산업기술개발(R&D) | 로봇산업기술개발(R&D) | K-온디바이스AI반도체 기술개발(R&D),3,any_3_from_candidate_set,L2_realistic,abbreviation,support_type_filter,기계장비산업기술개발(R&D) | 산업혁신기반구축(R&D),413. 산업통상부_기계장비산업기술개발(R&D) | 431. 산업통상부_산업혁신인재성장지원(R&D),산업단지환경조성 | 자동차산업기술개발(R&D) | 산업혁신기반구축(R&D),"{""filter_conditions"": [{""column"": ""소관"", ""operator"": ""=="", ""value"": ""산업부""}, {""column"": ""지원형태_출연"", ""operator"": ""=="", ""value"": true}, {""column"": ""예산총괄표_2026열1(백만원)"", ""operator"": "">="", ""value"": 100000}], ""group_by"": null, ""aggregation"": null, ""sort_by"": {""column"": ""예산총괄표_2026열1(백만원)"", ""ascending"": false}, ""limit"": 3, ""return_columns"": [""사업명""]}",ok,AI응용제품신속상용화지원사업 | K-온디바이스AI반도체 기술개발(R&D) | 기계장비산업기술개발(R&D),ok,AI응용제품신속상용화지원사업 | K-온디바이스AI반도체 기술개발(R&D) | 기계장비산업기술개발(R&D),ok
CF11,ComplexFilter,과기정통부 소관 사업 중에서 지원형태가 출연이고 2026년 예산이 2000억 이상인 사업 3개만 알려줘.,과학기술 정보통신부 소관이면서 지원형태가 출연이고 2026년 예산이 200000백만원 이상인 사업을 3개 나열하시오.,소관={'과학기술 정보통신부'} AND 지원형태_출연=TRUE AND 예산총괄표_2026열2(백만원)>=200000 -> unique 사업명 list up to 3,AI컴퓨팅자원활용기반강화 | 바이오·의료기술개발 | 국가과학기술연구회 연구운영비 지원(R&D),AI컴퓨팅자원활용기반강화 | 바이오·의료기술개발 | 국가과학기술연구회 연구운영비 지원(R&D) | 한국과학기술원 연구운영비 지원(R&D) | 한국과학기술연구원 연구운영비 지원(R&D),3,any_3_from_candidate_set,L2_realistic,abbreviation,support_type_filter,AI-RAN 글로벌 선도 프로젝트(R&D) | 차세대 네트워크(6G) 산업 기술개발,183. 과학기술정보통신부_차세대네트워크(6G) 산업기술개발(R&D) 106754백만원,AI컴퓨팅자원활용기반강화,"{""filter_conditions"": [{""column"": ""소관"", ""operator"": ""=="", ""value"": ""과기정통부""}, {""column"": ""지원형태_출연"", ""operator"": ""=="", ""value"": true}, {""column"": ""예산총괄표_2026열1(백만원)"", ""operator"": "">="", ""value"": 2000000}], ""group_by"": null, ""aggregation"": null, ""sort_by"": {""column"": ""예산총괄표_2026열1(백만원)"", ""ascending"": false}, ""limit"": 3, ""return_columns"": [""사업명""]}",ok,AI컴퓨팅자원활용기반강화 | 국가과학기술연구회 연구운영비 지원(R&D) | 바이오·의료기술개발,ok,AI컴퓨팅자원활용기반강화 | 국가과학기술연구회 연구운영비 지원(R&D) | 바이오·의료기술개발,ok
CF12,ComplexFilter,"산업부 소관으로 출연 형태의 지원을 받으며 2026년 예산이 200,000백만원 이상인 사업 3개를 알려줘.",산업통상부 소관이면서 지원형태가 출연이고 2026년 예산이 200000백만원 이상인 사업을 3개 나열하시오.,소관={'산업통상부'} AND 지원형태_출연=TRUE AND 예산총괄표_2026열2(백만원)>=200000 -> unique 사업명 list up to 3,산업단지환경조성 | 자동차산업기술개발(R&D) | 산업혁신기반구축(R&D),산업단지환경조성 | 자동차산업기술개발(R&D) | 산업혁신기반구축(R&D) | 산업기술국제협력(R&D) | 기계장비산업기술개발(R&D) | 산업혁신인재성장지원(R&D) | 소재부품산업 기술개발기반구축(R&D),3,any_3_from_candidate_set,L2_realistic,abbreviation,support_type_filter,413 | 430,413. 산업통상부_기계장비산업기술개발(R&D) | 431. 산업통상부_산업혁신인재성장지원(R&D) | 435. 산업통상부_소재부품산업기술개발기반구축(R&D),산업단지환경조성 | 자동차산업기술개발(R&D) | 산업혁신기반구축(R&D),"{""filter_conditions"": [{""column"": ""소관"", ""operator"": ""=="", ""value"": ""산업부""}, {""column"": ""지원형태_출연"", ""operator"": ""=="", ""value"": true}, {""column"": ""예산총괄표_2026열1(백만원)"", ""operator"": "">="", ""value"": 200000}], ""group_by"": null, ""aggregation"": null, ""sort_by"": {""column"": ""예산총괄표_2026열1(백만원)"", ""ascending"": false}, ""limit"": 3, ""return_columns"": [""사업명""]}",ok,기계장비산업기술개발(R&D) | 산업기술국제협력(R&D) | 산업단지환경조성,ok,기계장비산업기술개발(R&D) | 산업기술국제협력(R&D) | 산업단지환경조성,ok
CF13,ComplexFilter,일반회계로 진행되는 보조사업 중 내년에 새로 시작하는 사업 3개만 알려줘.,일반회계이면서 지원형태가 보조이고 신규 사업인 것을 3개 나열하시오.,지원형태_보조=TRUE AND 회계_기금={'일반회계'} AND 사업성격_신규=TRUE -> unique 사업명 list up to 3,국가농업AX플랫폼 | 저작권 및 AI 산업 상생협력 지원 | AI응용제품 신속 상용화 지원사업(식품·의료기기 등),국가농업AX플랫폼 | 저작권 및 AI 산업 상생협력 지원 | AI응용제품 신속 상용화 지원사업(식품·의료기기 등),3,any_3_from_candidate_set,L2_realistic,surface_rewrite,support_type_filter,국가농업AX플랫폼 | 국방AI선도연구협력(R&D),국가 농업 AX플랫폼 | 농업농촌국민체감AX전환기술개발(R&D),알 수 없음,"{""filter_conditions"": [{""column"": ""회계기금_구분라벨"", ""operator"": ""=="", ""value"": ""일반회계""}, {""column"": ""지원형태_보조"", ""operator"": ""=="", ""value"": true}, {""column"": ""사업성격_신규"", ""operator"": ""=="", ""value"": true}], ""group_by"": null, ""aggregation"": null, ""sort_by"": {""column"": ""사업명"", ""ascending"": true}, ""limit"": 3, ""return_columns"": [""사업명""]}",ok,,ok,AI통합바우처 | 디지털배움터(세종) | 디지털배움터(자율),ok
CF14,ComplexFilter,일반회계에 속하고 직접 지원 형태로 내년에 새로 시작하는 사업 3개만 알려줘.,일반회계이면서 지원형태가 직접이고 신규 사업인 것을 3개 나열하시오.,지원형태_직접=TRUE AND 회계_기금={'일반회계'} AND 사업성격_신규=TRUE -> unique 사업명 list up to 3,AI 활용 미인증 기자재 온라인 모니터링 시스템 구축 | AI 디지털유니버시티 혁신교육 플랫폼 구축 | 국가유산지능형첨단보존기술개발(R&D),AI 활용 미인증 기자재 온라인 모니터링 시스템 구축 | AI 디지털유니버시티 혁신교육 플랫폼 구축 | 국가유산지능형첨단보존기술개발(R&D) | AI 모빌리티 시범도시 조성 | AI기반작물모니터링및진단 플랫폼개발(R&D) | 국경 이동성 해충의 국제 발생 예측 및 방제기술 개발(R&D) | 농작업안전관리기술및웨어러 블편이장비개발(R&D) | 데이터기반농업관측을위한 위성영상활용기술개발(R&D) | 지능형농업로봇핵심기반기술 개발(R&D) | 특용작물유래천연활성바이오 소재생산및활용기술개발(R&D),3,any_3_from_candidate_set,L2_realistic,surface_rewrite,support_type_filter,알 수 없음,431. 산업통상부_산업혁신인재성장지원(R&D),알 수 없음,"{""filter_conditions"": [{""column"": ""회계기금_구분라벨"", ""operator"": ""=="", ""value"": ""일반회계""}, {""column"": ""지원형태_직접"", ""operator"": ""=="", ""value"": true}, {""column"": ""사업성격_신규"", ""operator"": ""=="", ""value"": true}], ""group_by"": null, ""aggregation"": null, ""sort_by"": null, ""limit"": 3, ""return_columns"": [""사업명""]}",ok,,ok,AI 활용 미인증 기자재 온라인 모니터링 시스템 구축 | AI 디지털유니버시티 혁신교육 플랫폼 구축 | 국가유산지능형첨단보존기술개발(R&D),ok
CF15,ComplexFilter,보건 분야에서 출연 형태로 지원받고 계속 사업인 것 중 3개만 알려줘.,분야가 보건이면서 지원형태가 출연이고 계속 사업인 것을 3개 나열하시오.,분야명={'보건'} AND 지원형태_출연=TRUE AND 사업성격_계속=TRUE -> unique 사업명 list up to 3,AI 모델을 활용한 항체 바이오베터 개발 및 실증(R&D) | K-AI 신약개발 전임상·임상 모델개발(R&D) | 국가통합바이오빅데이터구축(R&D),AI 모델을 활용한 항체 바이오베터 개발 및 실증(R&D) | K-AI 신약개발 전임상·임상 모델개발(R&D) | 국가통합바이오빅데이터구축(R&D) | 다기관-멀티모달 연합학습 기반 의료 인공지능 기술 시범모델 개발 | 보건의료데이터 상호운용성 지원 기술개발(R&D) | 응급실 특화 AI 기반 임상지원시스템 개발 | 의료 인공지능 특화 융합인재 양성사업(R&D) | 한국형 수술질향상 프로젝트(K-NSQIP) | 신기술 적용 식품(푸드테크) 안전기술 지원 (R&D) | 컴퓨터모델링 기반 의료기기 평가체계 구축(R&D),3,any_3_from_candidate_set,L2_realistic,surface_rewrite,support_type_filter,보건의료데이터 상호운용성 지원 기술개발(R&D) | 의료데이터 중심병원 지원사업 | 바이오헬스산업 육성 지원,알 수 없음,AI 모델을 활용한 항체 바이오베터 개발 및 실증(R&D) | K-AI 신약개발 전임상·임상 모델개발(R&D) | 국가통합바이오빅데이터구축(R&D),"{""filter_conditions"": [{""column"": ""분야명"", ""operator"": ""=="", ""value"": ""보건""}, {""column"": ""지원형태_출연"", ""operator"": ""=="", ""value"": true}, {""column"": ""사업성격_계속"", ""operator"": ""=="", ""value"": true}], ""group_by"": null, ""aggregation"": null, ""sort_by"": null, ""limit"": 3, ""return_columns"": [""사업명""]}",ok,AI 모델을 활용한 항체 바이오베터 개발 및 실증(R&D) | AI기반 수술로봇 이노베이션랩 구축 및 활용 사업 | K-AI 신약개발 전임상·임상 모델개발(R&D),ok,신뢰기반의 AI 개인정보 보호·활용 기술개발(R&D) | 안전한 데이터 활용 지원 | 과학기술기반군중 밀집관리기술개 발(R&D),ok
CF16,ComplexFilter,농림수산 분야에서 출연 형태로 계속 진행되는 사업 3개만 알려줘.,분야가 농림수산이면서 지원형태가 출연이고 계속 사업인 것을 3개 나열하시오.,분야명={'농림수산'} AND 지원형태_출연=TRUE AND 사업성격_계속=TRUE -> unique 사업명 list up to 3,K-수직농장세계화프로젝트(R&D) | 고부가가치식품기술개발(R&D) | 스마트팜다부처패키지 혁신기술개발(R&D),K-수직농장세계화프로젝트(R&D) | 고부가가치식품기술개발(R&D) | 스마트팜다부처패키지 혁신기술개발(R&D) | 고성능 목재수확 기계장비 개발(R&D) | 대형산불 대응 지능형 솔루션 기술개발(R&D) | 디지털 기반 산림 우수종자 생산공급 기술개발(R&D) | 산불방지대책 | 산사태 현장대응 기술개발(R&D) | 임업현장 맞춤형 푸드테크 기술개발(R&D),3,any_3_from_candidate_set,L2_realistic,surface_rewrite,support_type_filter,336 | 339,336. 농림축산식품부_스마트팜다부처패키지혁신기술개발(R&D) | 334. 농림축산식품부_농업농촌국민체감AX전환기술개발(R&D),K-수직농장세계화프로젝트(R&D) | 고부가가치식품기술개발(R&D) | 스마트팜다부처패키지 혁신기술개발(R&D),"{""filter_conditions"": [{""column"": ""분야명"", ""operator"": ""=="", ""value"": ""농림수산""}, {""column"": ""지원형태_출연"", ""operator"": ""=="", ""value"": true}, {""column"": ""사업성격_계속"", ""operator"": ""=="", ""value"": true}], ""group_by"": null, ""aggregation"": null, ""sort_by"": null, ""limit"": 3, ""return_columns"": [""사업명""]}",ok,,ok,신뢰기반의 AI 개인정보 보호·활용 기술개발(R&D) | 안전한 데이터 활용 지원 | 과학기술기반군중 밀집관리기술개 발(R&D),ok
CF17,ComplexFilter,교통 및 물류 분야에서 출연 형태로 계속 진행되는 사업 3개만 알려줘.,분야가 교통및물류이면서 지원형태가 출연이고 계속 사업인 것을 3개 나열하시오.,분야명={'교통및물류'} AND 지원형태_출연=TRUE AND 사업성격_계속=TRUE -> unique 사업명 list up to 3,AI-XR기반비행장원격관제 운용기술개발(R&D) | AI진단기반항공기로봇검사 및정비기술개발(R&D) | 교통사고유발도로노면 위험요소저감기술개발(R&D),AI-XR기반비행장원격관제 운용기술개발(R&D) | AI진단기반항공기로봇검사 및정비기술개발(R&D) | 교통사고유발도로노면 위험요소저감기술개발(R&D) | 국토교통DNA플러스융합 기술대학원육성사업(R&D) | 대심도장대터널(GTX등)의재난 대응복합훈련장개발(R&D) | 데이터기반철도시스템안전평가 ·예측기술개발(R&D) | 스마트+빌딩핵심기술개발 (R&D) | 미래변화 대응 수자원 안정성 확보 기술개발사업(R&D) | 고품질준실시간해양그리드 데이터서비스체계개발(R&D) | 수출입 물류항만-내륙연계 기술개발(R&D),3,any_3_from_candidate_set,L2_realistic,surface_rewrite,support_type_filter,수출입 물류항만-내륙연계 기술개발(R&D) | 지역특화형자율주행서비스모델및실증기술개발(R&D),271. 국토교통부_디지털트윈기반GTX환승안전및혁신기술개발사업(R&D) | 283. 국토교통부_지역특화형자율주행서비스모델및실증기술개발(R&D) | 278. 국토교통부_스마트철도물류혁신기술개발(R&D),AI-XR기반비행장원격관제 운용기술개발(R&D) | AI진단기반항공기로봇검사 및정비기술개발(R&D) | 교통사고유발도로노면 위험요소저감기술개발(R&D),"{""filter_conditions"": [{""column"": ""분야명"", ""operator"": ""=="", ""value"": ""교통 및 물류""}, {""column"": ""지원형태_출연"", ""operator"": ""=="", ""value"": true}, {""column"": ""사업성격_계속"", ""operator"": ""=="", ""value"": true}], ""group_by"": null, ""aggregation"": null, ""sort_by"": null, ""limit"": 3, ""return_columns"": [""사업명""]}",ok,,ok,신뢰기반의 AI 개인정보 보호·활용 기술개발(R&D) | 안전한 데이터 활용 지원 | 과학기술기반군중 밀집관리기술개 발(R&D),ok
CF18,ComplexFilter,과기정통부 소관으로 2026년 예산이 전년보다 줄어든 계속 사업 3개를 알려줘.,과학기술 정보통신부 소관이면서 2026년 예산이 전년대비 감소하고 계속 사업인 것을 3개 나열하시오.,소관={'과학기술 정보통신부'} AND 사업성격_계속=TRUE AND 예산총괄표_증감(백만원)<0 -> unique 사업명 list up to 3,대학디지털교육역량강화 | AI산업육성 | 스마트빌리지 보급 및 확산,대학디지털교육역량강화 | AI산업육성 | 스마트빌리지 보급 및 확산 | 클라우드컴퓨팅산업육성(정보화) | AI일상화 확산 | 디지털역량강화교육 | SW컴퓨팅산업원천기술개발 | PIM인공지능반도체 핵심기술개발(설계) | 데이터경제인프라구축 | 해킹바이러스 대응체계 고도화,3,any_3_from_candidate_set,L2_realistic,abbreviation,new_continuing_project,알 수 없음,알 수 없음,대학디지털교육역량강화 | AI산업육성 | 스마트빌리지 보급 및 확산,"{""filter_conditions"": [{""column"": ""소관"", ""operator"": ""=="", ""value"": ""과기정통부""}, {""column"": ""사업성격_계속"", ""operator"": ""=="", ""value"": true}, {""column"": ""예산총괄표_증감(백만원)"", ""operator"": ""<"", ""value"": 0}], ""group_by"": null, ""aggregation"": null, ""sort_by"": {""column"": ""예산총괄표_증감(백만원)"", ""ascending"": true}, ""limit"": 3, ""return_columns"": [""사업명""]}",ok,,ok,AI반도체 지원플랫폼 | A I 융합 OTT 글로벌 진출 확산 지원 | AI기반 어장 공간정보 빅데이터 플랫폼 구축 및 활용,ok
CF19,ComplexFilter,산업부 소관으로 2026년 예산이 작년보다 줄어들고 계속 진행 중인 사업 3개만 알려줘.,산업통상부 소관이면서 2026년 예산이 전년대비 감소하고 계속 사업인 것을 3개 나열하시오.,소관={'산업통상부'} AND 사업성격_계속=TRUE AND 예산총괄표_증감(백만원)<0 -> unique 사업명 list up to 3,자동차산업기술개발(R&D) | 소재부품산업 기술개발기반구축(R&D) | PIM인공지능반도체핵심기술 개발(R&D),자동차산업기술개발(R&D) | 소재부품산업 기술개발기반구축(R&D) | PIM인공지능반도체핵심기술 개발(R&D) | 국가통합바이오빅데이터구축 사업(R&D) | 뿌리산업경쟁력강화지원 | AI자율제조SDM플랫폼기술개발 (R&D) | 지식서비스산업기술개발(R&D) | 자율형소프트로봇핵심기술국제 공동연구(R&D),3,any_3_from_candidate_set,L2_realistic,abbreviation,new_continuing_project,기계장비산업기술개발(R&D) | AI자율제조SDM플랫폼기술개발 (R&D) | 반도체첨단패키징선도기술개발사업(R&D),알 수 없음,자동차산업기술개발(R&D) | 소재부품산업 기술개발기반구축(R&D) | PIM인공지능반도체핵심기술 개발(R&D),"{""filter_conditions"": [{""column"": ""소관"", ""operator"": ""=="", ""value"": ""산업부""}, {""column"": ""예산총괄표_증감(백만원)"", ""operator"": ""<"", ""value"": 0}, {""column"": ""사업성격_계속"", ""operator"": ""=="", ""value"": true}], ""group_by"": null, ""aggregation"": null, ""sort_by"": {""column"": ""예산총괄표_증감(백만원)"", ""ascending"": true}, ""limit"": 3, ""return_columns"": [""사업명""]}",ok,,ok,AI자율제조SDM플랫폼기술개발 (R&D) | PIM인공지능반도체핵심기술 개발(R&D) | 국가통합바이오빅데이터구축 사업(R&D),ok
CF20,ComplexFilter,국토부 소관으로 2026년에 예산이 전년보다 줄어들고 계속 진행 중인 사업 3개를 알려줘.,국토교통부 소관이면서 2026년 예산이 전년대비 감소하고 계속 사업인 것을 3개 나열하시오.,소관={'국토교통부'} AND 사업성격_계속=TRUE AND 예산총괄표_증감(백만원)<0 -> unique 사업명 list up to 3,AI진단기반항공기로봇검사 및정비기술개발(R&D) | 건축정보시스템 구축 및 운영 | 국토이용정보체계 구축 및 운영(정보화),AI진단기반항공기로봇검사 및정비기술개발(R&D) | 건축정보시스템 구축 및 운영 | 국토이용정보체계 구축 및 운영(정보화),3,any_3_from_candidate_set,L2_realistic,abbreviation,new_continuing_project,알 수 없음,알 수 없음,AI진단기반항공기로봇검사 및정비기술개발(R&D) | 국토이용정보체계 구축 및 운영(정보화),"{""filter_conditions"": [{""column"": ""소관"", ""operator"": ""=="", ""value"": ""국토부""}, {""column"": ""예산총괄표_증감(백만원)"", ""operator"": ""<"", ""value"": 0}, {""column"": ""사업성격_계속"", ""operator"": ""=="", ""value"": true}], ""group_by"": null, ""aggregation"": null, ""sort_by"": {""column"": ""예산총괄표_증감(백만원)"", ""ascending"": true}, ""limit"": 3, ""return_columns"": [""사업명""]}",ok,,ok,AI진단기반항공기로봇검사 및정비기술개발(R&D) | 국토이용정보체계 구축 및 운영(정보화),ok
CF21,ComplexFilter,2026년에 예산이 줄어든 문체부의 계속 사업 중 3개를 알려줘.,문화체육 관광부 소관이면서 2026년 예산이 전년대비 감소하고 계속 사업인 것을 3개 나열하시오.,소관={'문화체육관광부'} AND 사업성격_계속=TRUE AND 예산총괄표_증감(백만원)<0 -> unique 사업명 list up to 3,신기술 융합콘텐츠산업 육성 | 국학진흥 정책기반 조성 | 문화기술 전문인력양성사업(R&D),신기술 융합콘텐츠산업 육성 | 국학진흥 정책기반 조성 | 문화기술 전문인력양성사업(R&D),3,any_3_from_candidate_set,L3_perturbed,abbreviation|ellipsis,new_continuing_project,알 수 없음,알 수 없음,신기술 융합콘텐츠산업 육성 | 국학진흥 정책기반 조성 | 문화기술 전문인력양성사업(R&D),"{""filter_conditions"": [{""column"": ""문서_소관기관"", ""operator"": ""=="", ""value"": ""문체부""}, {""column"": ""사업성격_계속"", ""operator"": ""=="", ""value"": true}, {""column"": ""예산총괄표_증감(백만원)"", ""operator"": ""<"", ""value"": 0}], ""group_by"": null, ""aggregation"": null, ""sort_by"": {""column"": ""예산총괄표_증감(백만원)"", ""ascending"": true}, ""limit"": 3, ""return_columns"": [""사업명""]}",ok,,ok,문화기술 전문인력양성사업(R&D) | 신기술 융합콘텐츠산업 육성,ok
CF22,ComplexFilter,통신 분야에서 내년에 새로 시작하는 사업 중 2026년 예산이 100억 이상인 사업 3개를 알려줘.,분야가 통신이면서 신규 사업이고 2026년 예산이 10000백만원 이상인 사업을 3개 나열하시오.,분야명={'통신'} AND 사업성격_신규=TRUE AND 예산총괄표_2026열2(백만원)>=10000 -> unique 사업명 list up to 3,AI·SW중심대학 | AI통합바우처 | AI응용제품신속상용화지원사업 (보안·네트워크·생활 등),AI·SW중심대학 | AI통합바우처 | AI응용제품신속상용화지원사업 (보안·네트워크·생활 등) | AX실증밸리조성(R&D) | AGI 준비 프로젝트 | AI AGENT 선도 국가 사업 | 국가 AI데이터센터 고도화 | 피지컬AI선도기술개발(R&D) | 경쟁형 AI 혁신인재 성장 지원 | AI 분야 오픈소스 생태계 조성,3,any_3_from_candidate_set,L3_perturbed,surface_rewrite,new_continuing_project,알 수 없음,183. 과학기술정보통신부_차세대네트워크(6G) 산업기술개발(R&D) 106754백만원,AI·SW중심대학,"{""filter_conditions"": [{""column"": ""분야명"", ""operator"": ""=="", ""value"": ""통신""}, {""column"": ""사업성격_신규"", ""operator"": ""=="", ""value"": true}, {""column"": ""예산총괄표_2026열1(백만원)"", ""operator"": "">="", ""value"": 100000}], ""group_by"": null, ""aggregation"": null, ""sort_by"": {""column"": ""예산총괄표_2026열1(백만원)"", ""ascending"": false}, ""limit"": 3, ""return_columns"": [""사업명""]}",ok,AGI 준비 프로젝트 | AI AGENT 선도 국가 사업 | AI 분야 오픈소스 생태계 조성,ok,AGI 준비 프로젝트 | AI AGENT 선도 국가 사업 | AI 분야 오픈소스 생태계 조성,ok
CF23,ComplexFilter,과학기술 분야에서 내년에 새로 시작하는 사업 중 2026년 예산이 100억 원 이상인 것 3개를 알려줘.,분야가 과학기술이면서 신규 사업이고 2026년 예산이 10000백만원 이상인 사업을 3개 나열하시오.,분야명={'과학기술'} AND 사업성격_신규=TRUE AND 예산총괄표_2026열2(백만원)>=10000 -> unique 사업명 list up to 3,AI-네이티브 첨단바이오 자율실험실(R&D) | 지역거점AX혁신기술개발(R&D) | AIxBio 혁신 연구거점 조성 시범사업(R&D),AI-네이티브 첨단바이오 자율실험실(R&D) | 지역거점AX혁신기술개발(R&D) | AIxBio 혁신 연구거점 조성 시범사업(R&D),3,any_3_from_candidate_set,L3_perturbed,surface_rewrite,new_continuing_project,AIxBio 혁신 연구거점 조성 시범사업(R&D) 10200.0 | 데이터센터 네트워크 인프라 기술 선도사업(R&D) 7000.0 | AI-RAN 글로벌 선도 프로젝트(R&D) 9000.0,185. 과학기술정보통신부_차세대지능형반도체기술개발(설계)(R&D) 18942백만원 | 203. 과학기술정보통신부_한국산업은행출자(AI컴퓨팅 인프라 확충) 11800백만원 | 186. 과학기술정보통신부_첨단신약 타겟 발굴 검증 및 기반기술 개발(R&D) 3675백만원,알 수 없음,"{""filter_conditions"": [{""column"": ""분야명"", ""operator"": ""=="", ""value"": ""과학기술""}, {""column"": ""사업성격_신규"", ""operator"": ""=="", ""value"": true}, {""column"": ""예산총괄표_2026열1(백만원)"", ""operator"": "">="", ""value"": 100000}], ""group_by"": null, ""aggregation"": null, ""sort_by"": {""column"": ""예산총괄표_2026열1(백만원)"", ""ascending"": false}, ""limit"": 3, ""return_columns"": [""사업명""]}",ok,AGI 준비 프로젝트 | AI AGENT 선도 국가 사업 | AI 분야 오픈소스 생태계 조성,ok,AGI 준비 프로젝트 | AI AGENT 선도 국가 사업 | AI 분야 오픈소스 생태계 조성,ok
CF24,ComplexFilter,NIA가 시행하는 출연 형태의 사업 중 3개를 알려줘.,한국지능정보사회진흥원이 시행기관이면서 지원형태가 출연인 사업을 3개 나열하시오.,사업시행주체_목록 contains {'한국지능정보사회진흥원'} AND 지원형태_출연=TRUE -> unique 사업명 list up to 3,AI AGENT 선도 국가 사업 | AI기반안전관리분야 디지털트윈선도 | AI응용제품신속상용화지원사업 (보안·네트워크·생활 등),AI AGENT 선도 국가 사업 | AI기반안전관리분야 디지털트윈선도 | AI응용제품신속상용화지원사업 (보안·네트워크·생활 등) | AI컴퓨팅자원활용기반강화 | A I혁신을 위한 데이터안전활용 지원 | K-AI 네트워크 경쟁력 강화 | 건전정보문화조성 | 고성능 AI(Hyper-AI) 네트워크 기반조성 사업 | 국가 데이터 인프라 기반 데이터 혁신(Data-X) 지원 | 국가지식정보 연계 및 활용 촉진(정보화),3,any_3_from_candidate_set,L3_perturbed,abbreviation|ellipsis,support_type_filter,신뢰기반의 AI 개인정보 보호·활용 기술개발(R&D) | AI-RAN 글로벌 선도 프로젝트(R&D) | World Best LLM 데이터 활용 지원,알 수 없음,알 수 없음,"{""filter_conditions"": [{""column"": ""실국(기관)"", ""operator"": ""contains"", ""value"": ""NIA""}, {""column"": ""지원형태_출연"", ""operator"": ""=="", ""value"": true}], ""group_by"": null, ""aggregation"": null, ""sort_by"": null, ""limit"": 3, ""return_columns"": [""사업명""]}",ok,AI AGENT 선도 국가 사업 | AI기반안전관리분야 디지털트윈선도 | AI응용제품신속상용화지원사업 (보안·네트워크·생활 등),ok,AI AGENT 선도 국가 사업 | AI기반안전관리분야 디지털트윈선도 | AI응용제품신속상용화지원사업 (보안·네트워크·생활 등),ok
CF25,ComplexFilter,한국연구재단이 주관하고 출연 방식으로 지원하는 사업 세 가지를 알려줘.,한국연구재단이 시행기관이면서 지원형태가 출연인 사업을 3개 나열하시오.,사업시행주체_목록 contains {'한국연구재단'} AND 지원형태_출연=TRUE -> unique 사업명 list up to 3,AI+S&T혁신기술개발(R&D) | AI-네이티브 첨단바이오 자율실험실(R&D) | AIxBio 혁신 연구거점 조성 시범사업(R&D),AI+S&T혁신기술개발(R&D) | AI-네이티브 첨단바이오 자율실험실(R&D) | AIxBio 혁신 연구거점 조성 시범사업(R&D) | AI기반디지털가상핵융합플랫 폼개발(R&D) | 과학기술혁신인재양성(R&D) | 국가 플래그십 초고성능컴퓨팅 인프라 고도화(R&D) | 나노․소재기술개발(R&D) | 디지털 AI세포 구축(R&D) | 민관협력 기반 AI 휴머노이드 원천기술 고도화(R&D) | 바이오·의료기술개발,3,any_3_from_candidate_set,L3_perturbed,surface_rewrite,support_type_filter,국가 플래그십 초고성능컴퓨팅 인프라 고도화(R&D),알 수 없음,알 수 없음,"{""filter_conditions"": [{""column"": ""문서_소관기관"", ""operator"": ""=="", ""value"": ""한국연구재단""}, {""column"": ""지원형태_출연"", ""operator"": ""=="", ""value"": true}], ""group_by"": null, ""aggregation"": null, ""sort_by"": null, ""limit"": 3, ""return_columns"": [""사업명""]}",ok,AI+S&T혁신기술개발(R&D) | AI-네이티브 첨단바이오 자율실험실(R&D) | AIxBio 혁신 연구거점 조성 시범사업(R&D),ok,AI+S&T혁신기술개발(R&D) | AI-네이티브 첨단바이오 자율실험실(R&D) | AIxBio 혁신 연구거점 조성 시범사업(R&D),ok
SQA066,Aggregation,정보통신기획평가원이 시행하는 사업은 총 몇 개인가?,사업시행주체_목록 기준 정보통신기획평가원가 시행기관인 사업은 몇 개인가?,사업시행주체_목록 contains {'정보통신기획평가원'} -> unique 사업명 count,69개,69개,1,exact_value,L3_perturbed,ellipsis,agency_project_count,4개,3개,70,"{""filter_conditions"": [{""column"": ""사업시행주체_목록"", ""operator"": ""contains"", ""value"": ""정보통신기획평가원""}], ""group_by"": null, ""aggregation"": ""count"", ""sort_by"": null, ""limit"": null, ""return_columns"": [""사업명""]}",ok,71개,ok,69개,ok
SQA067,Aggregation,"사업을 시행하는 곳이 NIPA인 경우, 몇 개의 사업이 진행 중인가요?",사업시행주체_목록 기준 정보통신산업진흥원가 시행기관인 사업은 몇 개인가?,사업시행주체_목록 contains {'정보통신산업진흥원'} -> unique 사업명 count,45개,45개,1,exact_value,L3_perturbed,abbreviation|colloquial,agency_project_count,2개,1개,45,"{""filter_conditions"": [{""column"": ""사업시행주체_목록"", ""operator"": ""contains"", ""value"": ""NIPA""}], ""group_by"": null, ""aggregation"": ""count"", ""sort_by"": null, ""limit"": null, ""return_columns"": [""사업명""]}",ok,45개,ok,44개,ok
SQA068,Aggregation,NIA가 주관하는 사업의 개수는 얼마나 되나요?,사업시행주체_목록 기준 한국지능정보사회진흥원가 시행기관인 사업은 몇 개인가?,사업시행주체_목록 contains {'한국지능정보사회진흥원'} -> unique 사업명 count,23개,23개,1,exact_value,L3_perturbed,abbreviation|colloquial|ellipsis,agency_project_count,1개,1개,0,"{""filter_conditions"": [{""column"": ""문서_소관기관"", ""operator"": ""=="", ""value"": ""NIA""}], ""group_by"": null, ""aggregation"": ""count"", ""sort_by"": null, ""limit"": null, ""return_columns"": [""사업명""]}",ok,25개,ok,24개,ok
SQA069,Aggregation,한국산업기술 기획평가원이 주관하는 사업의 개수는?,사업시행주체_목록 기준 한국산업기술 기획평가원가 시행기관인 사업은 몇 개인가?,사업시행주체_목록 contains {'한국산업기술 기획평가원'} -> unique 사업명 count,24개,24개,1,exact_value,L3_perturbed,ellipsis,agency_project_count,5개,알 수 없음,0,"{""filter_conditions"": [{""column"": ""문서_소관기관"", ""operator"": ""=="", ""value"": ""한국산업기술 기획평가원""}], ""group_by"": null, ""aggregation"": ""count"", ""sort_by"": null, ""limit"": null, ""return_columns"": [""문서_소관기관""]}",ok,0개,ok,28개,ok
SQA070,Aggregation,한국보건산업진흥원이 시행하는 사업의 개수는?,사업시행주체_목록 기준 한국보건산업진흥원가 시행기관인 사업은 몇 개인가?,사업시행주체_목록 contains {'한국보건산업진흥원'} -> unique 사업명 count,21개,21개,1,exact_value,L3_perturbed,ellipsis,agency_project_count,4개,3개,23,"{""filter_conditions"": [{""column"": ""사업시행주체_목록"", ""operator"": ""contains"", ""value"": ""한국보건산업진흥원""}], ""group_by"": null, ""aggregation"": ""count"", ""sort_by"": null, ""limit"": null, ""return_columns"": [""사업명""]}",ok,21개,ok,21개,ok
SQA071,Aggregation,과기정통부에서 출연 형태로 진행하는 사업들의 2026년 총 예산은 얼마인가요?,과학기술 정보통신부 소관이면서 지원형태가 출연인 사업들의 2026년 예산 합계는?,소관={'과학기술 정보통신부'} AND 지원형태_출연=TRUE -> 2026예산 sum,6817639백만원,6817639백만원,1,exact_value,L3_perturbed,abbreviation|colloquial,ministry_total_budget,141240.0 백만원,338352백만원,6314680.78,"{""filter_conditions"": [{""column"": ""문서_소관기관"", ""operator"": ""=="", ""value"": ""과기정통부""}, {""column"": ""지원형태_출연"", ""operator"": ""=="", ""value"": true}], ""group_by"": null, ""aggregation"": ""sum"", ""sort_by"": null, ""limit"": null, ""return_columns"": [""사업규모_2026(백만원)""]}",ok,6823267백만원,ok,6802026백만원,ok
SQA072,Aggregation,과기정통부에서 보조사업으로 진행하는 2026년 예산의 총액은?,과학기술 정보통신부 소관이면서 지원형태가 보조인 사업들의 2026년 예산 합계는?,소관={'과학기술 정보통신부'} AND 지원형태_보조=TRUE -> 2026예산 sum,263560백만원,263560백만원,1,exact_value,L3_perturbed,abbreviation,ministry_total_budget,알 수 없음,40369 백만원,275286,"{""filter_conditions"": [{""column"": ""문서_소관기관"", ""operator"": ""=="", ""value"": ""과기정통부""}, {""column"": ""지원형태_보조"", ""operator"": ""=="", ""value"": true}], ""group_by"": null, ""aggregation"": ""sum"", ""sort_by"": null, ""limit"": null, ""return_columns"": [""예산총괄표_2026열1(백만원)"", ""예산총괄표_2026열2(백만원)""]}",ok,263560백만원,ok,261184백만원,ok
SQA073,Aggregation,과기정통부에서 출자 형태로 진행하는 사업들의 2026년 총예산은 얼마야?,과학기술 정보통신부 소관이면서 지원형태가 출자인 사업들의 2026년 예산 합계는?,소관={'과학기술 정보통신부'} AND 지원형태_출자=TRUE -> 2026예산 sum,186478백만원,186478백만원,1,exact_value,L3_perturbed,abbreviation|colloquial,ministry_total_budget,230336.0 백만원,93927백만원,186478,"{""filter_conditions"": [{""column"": ""문서_소관기관"", ""operator"": ""=="", ""value"": ""과기정통부""}, {""column"": ""지원형태_출자"", ""operator"": ""=="", ""value"": true}], ""group_by"": null, ""aggregation"": ""sum"", ""sort_by"": null, ""limit"": null, ""return_columns"": [""예산총괄표_2026열1(백만원)"", ""예산총괄표_2026열2(백만원)""]}",ok,186478백만원,ok,186478백만원,ok
SQA074,Aggregation,산업부에서 출연 형태로 진행하는 사업들의 2026년 총 예산은 얼마인가요?,산업통상부 소관이면서 지원형태가 출연인 사업들의 2026년 예산 합계는?,소관={'산업통상부'} AND 지원형태_출연=TRUE -> 2026예산 sum,2747532백만원,2747532백만원,1,exact_value,L3_perturbed,abbreviation|colloquial,ministry_total_budget,2026년 총 예산은 198803.0백만원입니다.,56520백만원,0,"{""filter_conditions"": [{""column"": ""실국(기관)"", ""operator"": ""=="", ""value"": ""산업부""}, {""column"": ""지원형태_출연"", ""operator"": ""=="", ""value"": true}], ""group_by"": null, ""aggregation"": ""sum"", ""sort_by"": null, ""limit"": null, ""return_columns"": [""사업규모_2026(백만원)""]}",ok,2948927백만원,ok,2817085백만원,ok
SQA075,Aggregation,과기정통부에서 내년에 새로 시작하는 사업 중 2026년 예산 총액이 가장 큰 사업은?,과학기술 정보통신부 소관 신규 사업 중 2026년 예산이 가장 큰 사업은?,소관={'과학기술 정보통신부'} AND 사업성격_신규=TRUE -> max 2026예산 사업명,AI·SW중심대학,AI·SW중심대학,1,exact_value,L3_perturbed,abbreviation,new_continuing_project,초거대산업AI연구지원(R&D),알 수 없음,AI·SW중심대학 117960.0,"{""filter_conditions"": [{""column"": ""문서_소관기관"", ""operator"": ""=="", ""value"": ""과기정통부""}, {""column"": ""사업성격_신규"", ""operator"": ""=="", ""value"": true}], ""group_by"": null, ""aggregation"": null, ""sort_by"": {""column"": ""예산총괄표_2026열1(백만원)"", ""ascending"": false}, ""limit"": 1, ""return_columns"": [""상단표_사업명"", ""예산총괄표_2026열1(백만원)""]}",ok,AI·SW중심대학,ok,AI·SW중심대학,ok
SQA076,Aggregation,과기정통부에서 2026년에 예산이 가장 많이 배정된 계속 사업은 무엇인가요?,과학기술 정보통신부 소관 계속 사업 중 2026년 예산이 가장 큰 사업은?,소관={'과학기술 정보통신부'} AND 사업성격_계속=TRUE -> max 2026예산 사업명,AI컴퓨팅자원활용기반강화,AI컴퓨팅자원활용기반강화,1,exact_value,L3_perturbed,abbreviation|colloquial,new_continuing_project,차세대 네트워크(6G) 산업 기술개발,한국뇌연구원 연구운영비 지원(R&D),nan,"{""filter_conditions"": [{""column"": ""문서_소관기관"", ""operator"": ""=="", ""value"": ""과기정통부""}, {""column"": ""사업성격_계속"", ""operator"": ""=="", ""value"": true}], ""group_by"": null, ""aggregation"": ""max"", ""sort_by"": {""column"": ""예산총괄표_2026열1(백만원)"", ""ascending"": false}, ""limit"": 1, ""return_columns"": [""사업명""]}",ok,AI컴퓨팅자원활용기반강화,ok,AI컴퓨팅자원활용기반강화,ok
SQA077,Aggregation,산업부에서 내년에 새로 시작하는 사업 중 2026년 예산 총액이 가장 큰 사업은?,산업통상부 소관 신규 사업 중 2026년 예산이 가장 큰 사업은?,소관={'산업통상부'} AND 사업성격_신규=TRUE -> max 2026예산 사업명,K-온디바이스AI반도체 기술개발(R&D),K-온디바이스AI반도체 기술개발(R&D),1,exact_value,L3_perturbed,abbreviation,new_continuing_project,국가로봇테스트필드사업(R&D),421. 산업통상부_반도체 첨단 패키징 선도기술개발 사업(R&D) | 39188백만원,알 수 없음,"{""filter_conditions"": [{""column"": ""실국(기관)"", ""operator"": ""=="", ""value"": ""산업부""}, {""column"": ""사업성격_신규"", ""operator"": ""=="", ""value"": true}], ""group_by"": null, ""aggregation"": null, ""sort_by"": {""column"": ""예산총괄표_2026열1(백만원)"", ""ascending"": false}, ""limit"": 1, ""return_columns"": [""상단표_사업명"", ""예산총괄표_2026열1(백만원)""]}",ok,K-온디바이스AI반도체 기술개발(R&D),ok,K-온디바이스AI반도체 기술개발(R&D),ok
SQA078,Aggregation,과기정통부에서 2026년에 예산이 줄어든 사업은 몇 개야?,과학기술 정보통신부 소관 사업 중 2026년 예산이 전년 대비 감소한 사업은 몇 개인가?,소관={'과학기술 정보통신부'} AND 예산총괄표_증감(백만원)<0 -> unique 사업명 count,28개,28개,1,exact_value,L3_perturbed,abbreviation|ellipsis,agency_project_count,알 수 없음.,알 수 없음.,39,"{""filter_conditions"": [{""column"": ""문서_소관기관"", ""operator"": ""=="", ""value"": ""과기정통부""}, {""column"": ""예산총괄표_증감(백만원)"", ""operator"": ""<"", ""value"": 0}], ""group_by"": null, ""aggregation"": ""count"", ""sort_by"": null, ""limit"": null, ""return_columns"": [""사업명""]}",ok,0개,ok,29개,ok
SQA079,Aggregation,산업부에서 내년에 예산이 줄어드는 사업은 몇 개야?,산업통상부 소관 사업 중 2026년 예산이 전년 대비 감소한 사업은 몇 개인가?,소관={'산업통상부'} AND 예산총괄표_증감(백만원)<0 -> unique 사업명 count,8개,8개,1,exact_value,L3_perturbed,abbreviation|ellipsis,agency_project_count,알 수 없음.,알 수 없음,0,"{""filter_conditions"": [{""column"": ""실국(기관)"", ""operator"": ""=="", ""value"": ""산업부""}, {""column"": ""예산총괄표_증감(백만원)"", ""operator"": ""<"", ""value"": 0}], ""group_by"": null, ""aggregation"": ""count"", ""sort_by"": null, ""limit"": null, ""return_columns"": [""사업명""]}",ok,0개,ok,8개,ok
AGG015,Aggregation,국토부에서 2026년에 예산이 줄어든 사업은 몇 개야?,국토교통부 소관 사업 중 2026년 예산이 전년 대비 감소한 사업은 몇 개인가?,소관={'국토교통부'} AND 예산총괄표_증감(백만원)<0 -> unique 사업명 count,6개,6개,1,exact_value,L3_perturbed,abbreviation|ellipsis,agency_project_count,알 수 없음.,알 수 없음,7,"{""filter_conditions"": [{""column"": ""문서_소관기관"", ""operator"": ""=="", ""value"": ""국토부""}, {""column"": ""예산총괄표_증감(백만원)"", ""operator"": ""<"", ""value"": 0}], ""group_by"": null, ""aggregation"": ""count"", ""sort_by"": null, ""limit"": null, ""return_columns"": [""문서_사업명""]}",ok,0개,ok,6개,ok
